Date,AAPL,BTC-USD,CL=F,GC=F,GOOGL,MSFT,^DJI,^GSPC,^TNX,GDP (current US$),GDP growth rate (%),Unemployment rate (%),Real interest rate (%),Inflation rate (%),Population,Exports (current US$),Imports (current US$)
2001-01-01,0.3249610662460327,0.0,28.700000762939453,265.6000061035156,0.0,18.715822219848636,10887.3603515625,1366.010009765625,5.178999900817871,10581929000000.0,0.955538346430316,4.731,4.56713894364996,2.25168991597403,284968955.0,1026812000000.0,1403559000000.0
2001-02-01,0.2742445766925812,0.0,27.420000076293945,266.79998779296875,0.0,18.083660125732425,10495.2802734375,1239.93994140625,4.9079999923706055,10610860583333.334,1.0176140945303505,4.818666666666666,4.4426479685427545,2.1935486446106482,285190308.1666667,1024409250000.0,1406406083333.3333
2001-03-01,0.3316477835178375,0.0,26.399999618530277,257.8999938964844,0.0,16.761865615844727,9878.7802734375,1160.3299560546875,4.914999961853027,10639792166666.666,1.079689842630385,4.906333333333333,4.31815699343555,2.1354073732472667,285411661.3333333,1022006500000.0,1409253166666.6667
2001-04-01,0.3830409049987793,0.0,27.385000228881836,261.59999084472656,0.0,20.765560150146484,10734.9697265625,1249.4599609375,5.3379998207092285,10668723750000.0,1.1417655907304196,4.994,4.193666018328345,2.0772661018838847,285633014.5,1019603750000.0,1412100250000.0
2001-05-01,0.2997905015945434,0.0,28.3700008392334,265.29998779296875,0.0,21.20385360717773,10911.9404296875,1255.8199462890625,5.413000106811523,10697655333333.334,1.203841338830454,5.081666666666667,4.06917504322114,2.019124830520503,285854367.6666667,1017201000000.0,1414947333333.3333
2001-06-01,0.3493802845478058,0.0,26.25,270.6000061035156,0.0,22.37470054626465,10502.400390625,1224.3800048828125,5.389999866485596,10726586916666.666,1.2659170869304885,5.169333333333333,3.944684068113935,1.9609835591571216,286075720.8333333,1014798250000.0,1417794416666.6667
2001-07-01,0.2823594212532043,0.0,26.725000381469727,272.5,0.0,20.287416458129883,10522.8095703125,1211.22998046875,5.037000179290772,10755518500000.0,1.327992835030523,5.257,3.82019309300673,1.9028422877937399,286297074.0,1012395500000.0,1420641500000.0
2001-08-01,0.2787525355815887,0.0,27.200000762939453,274.3999938964844,0.0,17.48598861694336,9949.75,1133.5799560546875,4.815999984741211,10784450083333.334,1.3900685831305575,5.344666666666667,3.695702117899525,1.844701016430358,286518427.1666667,1009992750000.0,1423488583333.3333
2001-09-01,0.233069896697998,0.0,23.43000030517578,292.3999938964844,0.0,15.68374252319336,8847.5595703125,1040.93994140625,4.574999809265137,10813381666666.666,1.452144331230592,5.432333333333333,3.57121114279232,1.7865597450669766,286739780.3333333,1007590000000.0,1426335666666.6667
2001-10-01,0.2638753652572632,0.0,21.18000030517578,279.5,0.0,17.823129653930664,9075.1396484375,1059.780029296875,4.263000011444092,10842313250000.0,1.5142200793306264,5.5200000000000005,3.446720167685115,1.728418473703595,286961133.5,1005187250000.0,1429182750000.0
2001-11-01,0.3200769126415252,0.0,19.440000534057617,273.8999938964844,0.0,19.68053436279297,9851.5595703125,1139.449951171875,4.74399995803833,10871244833333.334,1.5762958274306609,5.607666666666667,3.32222919257791,1.6702772023402133,287182486.6666667,1002784500000.0,1432029833333.3333
2001-12-01,0.3290929794311523,0.0,19.84000015258789,278.70001220703125,0.0,20.30580139160156,10021.5703125,1148.0799560546875,5.0320000648498535,10900176416666.666,1.6383715755306953,5.695333333333334,3.197738217470705,1.6121359309768315,287403839.8333333,1000381750000.0,1434876916666.6667
2002-01-01,0.3714699745178222,0.0,19.479999542236328,282.1000061035156,0.0,19.527286529541016,9920.0,1130.199951171875,5.025000095367432,10929108000000.0,1.70044732363073,5.783,3.0732472423635,1.55399465961345,287625193.0,997979000000.0,1437724000000.0
2002-02-01,0.3260878622531891,0.0,21.850000381469727,296.70001220703125,0.0,17.88136863708496,10106.1298828125,1106.72998046875,4.859000205993652,10973053166666.666,1.791710543818419,5.800166666666667,2.9926928463703226,1.5890213300423375,287832088.0,1001077833333.3334,1447673666666.6667
2002-03-01,0.3556917309761047,0.0,26.229999542236328,302.6000061035156,0.0,18.48517799377441,10403.9404296875,1147.3900146484375,5.406000137329102,11016998333333.334,1.8829737640061084,5.817333333333334,2.912138450377145,1.624048000471225,288038983.0,1004176666666.6666,1457623333333.3333
2002-04-01,0.3647077679634094,0.0,27.290000915527344,308.8999938964844,0.0,16.0178279876709,9946.2197265625,1076.9200439453125,5.091000080108643,11060943500000.0,1.9742369841937975,5.8345,2.831584054383968,1.6590746709001125,288245878.0,1007275500000.0,1467573000000.0
2002-05-01,0.3501308858394623,0.0,25.350000381469727,326.5,0.0,15.604055404663086,9925.25,1067.1400146484375,5.043000221252441,11104888666666.666,2.0655002043814865,5.851666666666667,2.7510296583907903,1.694101341329,288452773.0,1010374333333.3334,1477522666666.6667
2002-06-01,0.2662803530693054,0.0,26.86000061035156,313.5,0.0,16.76569366455078,9243.259765625,989.8200073242188,4.823999881744385,11148833833333.334,2.156763424569176,5.868833333333334,2.6704752623976127,1.7291280117578873,288659668.0,1013473166666.6666,1487472333333.3333
2002-07-01,0.2293135076761245,0.0,27.020000457763672,303.20001220703125,0.0,14.705995559692385,8736.58984375,911.6199951171876,4.465000152587891,11192779000000.0,2.248026644756865,5.886,2.589920866404435,1.764154682186775,288866563.0,1016572000000.0,1497422000000.0
2002-08-01,0.2216497659683227,0.0,28.979999542236328,312.3999938964844,0.0,15.043143272399902,8663.5,916.0700073242188,4.13700008392334,11236724166666.666,2.339289864944554,5.9031666666666665,2.5093664704112575,1.7991813526156624,289073458.0,1019670833333.3334,1507371666666.6667
2002-09-01,0.2178931832313537,0.0,28.09999942779541,315.1999969482422,0.0,13.406428337097168,7591.93017578125,815.280029296875,3.607000112533569,11280669333333.334,2.430553085132243,5.920333333333334,2.42881207441808,1.8342080230445499,289280353.0,1022769666666.6666,1517321333333.3333
2002-10-01,0.2414851784706115,0.0,27.21999931335449,318.0,0.0,16.38869857788086,8397.0302734375,885.760009765625,3.91100001335144,11324614500000.0,2.5218163053199323,5.9375,2.3482576784249023,1.8692346934734374,289487248.0,1025868500000.0,1527271000000.0
2002-11-01,0.2329201698303222,0.0,26.88999938964844,316.79998779296875,0.0,17.679073333740234,8896.08984375,936.3099975585938,4.2129998207092285,11368559666666.666,2.613079525507622,5.954666666666666,2.267703282431725,1.904261363902325,289694143.0,1028967333333.3334,1537220666666.6667
2002-12-01,0.215338334441185,0.0,30.19999885559082,342.54998779296875,0.0,15.846183776855469,8341.6298828125,879.8200073242188,3.818000078201294,11412504833333.334,2.704342745695311,5.9718333333333335,2.1871488864385475,1.9392880343312124,289901038.0,1032066166666.6666,1547170333333.3333
2003-01-01,0.2157894223928451,0.0,33.5099983215332,368.2999877929688,0.0,14.546621322631836,8053.81005859375,855.7000122070312,3.974999904632568,11456450000000.0,2.795605965883,5.989,2.10659449044537,1.9743147047601,290107933.0,1035165000000.0,1557120000000.0
2003-02-01,0.2255569398403167,0.0,36.59999847412109,350.20001220703125,0.0,14.528225898742676,7891.080078125,841.1500244140625,3.696000099182129,11519845500000.0,2.8832864430637715,5.950666666666667,2.0650183213090014,2.0338791129650957,290332713.4166667,1046931500000.0,1578235333333.3333
2003-03-01,0.2124831527471542,0.0,31.040000915527344,335.8999938964844,0.0,14.888587951660156,7992.1298828125,848.1799926757812,3.822999954223633,11583241000000.0,2.9709669202445435,5.912333333333333,2.0234421521726333,2.0934435211700917,290557493.8333333,1058698000000.0,1599350666666.6667
2003-04-01,0.2136855721473693,0.0,25.799999237060547,339.1000061035156,0.0,15.72494888305664,8480.08984375,916.9199829101562,3.857000112533569,11646636500000.0,3.058647397425315,5.874,1.981865983036265,2.1530079293750877,290782274.25,1070464500000.0,1620466000000.0
2003-05-01,0.2697365880012512,0.0,29.559999465942383,364.5,0.0,15.134572982788086,8850.259765625,963.5900268554688,3.3499999046325684,11710032000000.0,3.1463278746060865,5.835666666666667,1.9402898138998967,2.212572337580083,291007054.6666667,1082231000000.0,1641581333333.3333
2003-06-01,0.286416232585907,0.0,30.050000190734863,359.25,0.0,15.76799201965332,8985.4404296875,974.5,3.5280001163482666,11773427500000.0,3.2340083517868585,5.7973333333333334,1.8987136447635282,2.272136745785079,291231835.0833333,1093997500000.0,1662696666666.6667
2003-07-01,0.316771537065506,0.0,30.540000915527344,354.0,0.0,16.241525650024414,9233.7998046875,990.3099975585938,4.473999977111816,11836823000000.0,3.32168882896763,5.759,1.8571374756271601,2.331701153990075,291456615.5,1105764000000.0,1683812000000.0
2003-08-01,0.3397625386714935,0.0,31.56999969482422,375.7000122070313,0.0,16.30916976928711,9415.8203125,1008.010009765625,4.453999996185303,11900218500000.0,3.4093693061484016,5.720666666666666,1.8155613064907916,2.3912655621950707,291681395.9166667,1117530500000.0,1704927333333.3333
2003-09-01,0.3113613724708557,0.0,29.200000762939453,385.3999938964844,0.0,17.096338272094727,9275.0595703125,995.969970703125,3.937000036239624,11963614000000.0,3.4970497833291736,5.682333333333333,1.7739851373544233,2.4508299704000667,291906176.3333333,1129297000000.0,1726042666666.6667
2003-10-01,0.3439701795578003,0.0,29.11000061035156,384.5,0.0,16.075481414794922,9801.1201171875,1050.7099609375,4.301000118255615,12027009500000.0,3.584730260509945,5.644,1.732408968218055,2.5103943786050626,292130956.75,1141063500000.0,1747158000000.0
2003-11-01,0.314216673374176,0.0,30.40999984741211,396.7999877929688,0.0,15.899744987487791,9782.4599609375,1058.199951171875,4.320000171661377,12090405000000.0,3.6724107376907167,5.605666666666666,1.6908327990816867,2.5699587868100586,292355737.1666667,1152830000000.0,1768273333333.3333
2003-12-01,0.3211288154125213,0.0,32.52000045776367,415.7000122070313,0.0,16.926332473754883,10453.919921875,1111.9200439453125,4.256999969482422,12153800500000.0,3.7600912148714887,5.567333333333333,1.6492566299453184,2.629523195015054,292580517.5833333,1164596500000.0,1789388666666.6667
2004-01-01,0.3390110433101654,0.0,33.04999923706055,402.2000122070313,0.0,17.099496841430664,10488.0703125,1131.1300048828125,4.138000011444092,12217196000000.0,3.84777169205226,5.529,1.60768046080895,2.68908760322005,292805298.0,1176363000000.0,1810504000000.0
2004-02-01,0.3594481945037842,0.0,34.404998779296875,414.75000000000006,0.0,16.406858444213867,10583.919921875,1144.93994140625,3.983999967575073,12285696083333.334,3.817419879209822,5.491916666666667,1.7204466901690743,2.7262848493472585,293031239.75,1186797750000.0,1829752166666.6667
2004-03-01,0.4063325226306915,0.0,35.7599983215332,427.2999877929688,0.0,15.417373657226562,10357.7001953125,1126.2099609375,3.836999893188477,12354196166666.666,3.7870680663673837,5.454833333333333,1.8332129195291984,2.7634820954744668,293257181.5,1197232500000.0,1849000333333.3333
2004-04-01,0.3873983025550842,0.0,37.380001068115234,387.0,0.0,16.159481048583984,10225.5703125,1107.300048828125,4.500999927520752,12422696250000.0,3.756716253524945,5.41775,1.9459791488893226,2.800679341601675,293483123.25,1207667250000.0,1868248500000.0
2004-05-01,0.4216598570346832,0.0,39.880001068115234,394.0,0.0,16.221328735351562,10188.4501953125,1120.6800537109375,4.65500020980835,12491196333333.334,3.7263644406825067,5.3806666666666665,2.058745378249447,2.8378765877288834,293709065.0,1218102000000.0,1887496666666.6667
2004-06-01,0.4889816343784332,0.0,37.04999923706055,392.6000061035156,0.0,17.662256240844727,10435.48046875,1140.8399658203125,4.617000102996826,12559696416666.666,3.6960126278400685,5.343583333333333,2.171511607609571,2.8750738338560917,293935006.75,1228536750000.0,1906744833333.3333
2004-07-01,0.4859763085842132,0.0,43.79999923706055,391.0,0.0,17.61896324157715,10139.7099609375,1101.719970703125,4.474999904632568,12628196500000.0,3.66566081499763,5.3065,2.284277836969695,2.9122710799833,294160948.5,1238971500000.0,1925993000000.0
2004-08-01,0.5182846188545227,0.0,46.71999931335449,404.8500061035156,2.5496225357055664,16.883052825927734,10173.919921875,1104.239990234375,4.131999969482422,12696696583333.334,3.635309002155192,5.269416666666666,2.397044066329819,2.9494683261105084,294386890.25,1249406250000.0,1945241166666.6667
2004-09-01,0.5822997093200684,0.0,49.63999938964844,418.7000122070313,3.227810859680176,17.149930953979492,10080.26953125,1114.5799560546875,4.11899995803833,12765196666666.666,3.6049571893127537,5.232333333333333,2.5098102956899435,2.9866655722377167,294612832.0,1259841000000.0,1964489333333.3333
2004-10-01,0.7874194383621216,0.0,51.7599983215332,428.5,4.74807071685791,17.348419189453125,10027.4697265625,1130.199951171875,4.02899980545044,12833696750000.0,3.5746053764703154,5.19525,2.622576525050068,3.023862818364925,294838773.75,1270275750000.0,1983737500000.0
2004-11-01,1.0075663328170776,0.0,49.130001068115234,451.2999877929688,4.532384395599365,16.628923416137695,10428.01953125,1173.8199462890625,4.357999801635742,12902196833333.334,3.5442535636278767,5.158166666666666,2.735342754410192,3.0610600644921333,295064715.5,1280710500000.0,2002985666666.6667
2004-12-01,0.9677448868751526,0.0,43.45000076293945,437.5,4.801618576049805,18.471399307250977,10783.009765625,1211.9200439453125,4.216000080108643,12970696916666.666,3.5139017507854384,5.121083333333333,2.8481089837703157,3.0982573106193416,295290657.25,1291145250000.0,2022233833333.3333
2005-01-01,1.1555827856063845,0.0,48.20000076293945,421.7999877929688,4.872101783752441,18.16722679138184,10489.9404296875,1181.27001953125,4.132999897003174,13039197000000.0,3.483549937943,5.084,2.96087521313044,3.13545455674655,295516599.0,1301580000000.0,2041482000000.0
2005-02-01,1.3482311964035034,0.0,51.75,436.5,4.682069301605225,17.392974853515625,10766.23046875,1203.5999755859375,4.359000205993652,13103895833333.334,3.42529907972954,5.045583333333333,3.1081242511952016,3.1311530714783924,295755208.4166667,1315629166666.6667,2059410416666.6667
2005-03-01,1.252357840538025,0.0,55.400001525878906,428.7000122070313,4.495773315429688,16.760149002075195,10503.759765625,1180.5899658203125,4.495999813079834,13168594666666.666,3.36704822151608,5.0071666666666665,3.2553732892599636,3.126851586210235,295993817.8333333,1329678333333.3333,2077338833333.3333
2005-04-01,1.083754062652588,0.0,49.720001220703125,435.0,5.479309558868408,17.543716430664062,10192.509765625,1156.8499755859375,4.201000213623047,13233293500000.0,3.30879736330262,4.96875,3.402622327324725,3.1225501009420773,296232427.25,1343727500000.0,2095267250000.0
2005-05-01,1.1949540376663208,0.0,53.11000061035156,435.4499969482422,6.905673980712891,17.890439987182617,10467.48046875,1191.5,4.00600004196167,13297992333333.334,3.25054650508916,4.9303333333333335,3.5498713653894867,3.1182486156739198,296471036.6666667,1357776666666.6667,2113195666666.6667
2005-06-01,1.1062945127487185,0.0,56.5,435.8999938964844,7.326085567474365,17.27937889099121,10274.9697265625,1191.3299560546875,3.944999933242798,13362691166666.666,3.1922956468757,4.891916666666667,3.6971204034542486,3.113947130405762,296709646.0833333,1371825833333.3333,2131124083333.3333
2005-07-01,1.281810641288757,0.0,60.56999969482422,429.8999938964844,7.16693639755249,17.81500816345215,10640.91015625,1234.1800537109375,4.285999774932861,13427390000000.0,3.13404478866224,4.8535,3.84436944151901,3.109645645137605,296948255.5,1385875000000.0,2149052500000.0
2005-08-01,1.4092408418655396,0.0,68.94000244140625,433.7999877929688,7.123101711273193,19.04627227783203,10481.599609375,1220.3299560546875,4.019999980926514,13492088833333.334,3.0757939304487802,4.815083333333333,3.9916184795837717,3.1053441598694476,297186864.9166667,1399924166666.6667,2166980916666.6667
2005-09-01,1.611204981803894,0.0,66.23999786376953,469.0,7.881736755371094,17.951574325561523,10568.7001953125,1228.81005859375,4.328000068664551,13556787666666.666,3.01754307223532,4.776666666666666,4.138867517648533,3.10104267460129,297425474.3333333,1413973333333.3333,2184909333333.3333
2005-10-01,1.730820894241333,0.0,59.7599983215332,465.1000061035156,9.268500328063965,17.930654525756836,10440.0703125,1207.010009765625,4.559000015258789,13621486500000.0,2.95929221402186,4.73825,4.286116555713296,3.0967411893331325,297664083.75,1428022500000.0,2202837750000.0
2005-11-01,2.038275718688965,0.0,57.31999969482422,494.6000061035156,10.08466911315918,19.312068939208984,10805.8701171875,1249.47998046875,4.5,13686185333333.334,2.9010413558084,4.699833333333333,4.433365593778056,3.092439704064975,297902693.1666667,1442071666666.6667,2220766166666.6665
2005-12-01,2.160594940185547,0.0,61.040000915527344,517.0999755859375,10.33248233795166,18.298093795776367,10717.5,1248.2900390625,4.394999980926514,13750884166666.666,2.84279049759494,4.661416666666667,4.580614631842819,3.0881382187968174,298141302.5833333,1456120833333.3333,2238694583333.3335
2006-01-01,2.2693920135498047,0.0,61.22500038146973,539.3499755859375,10.77580738067627,19.69756126403809,10864.8603515625,1280.0799560546875,4.526999950408936,13815583000000.0,2.78453963938148,4.623,4.72786366990758,3.08383673352866,298379912.0,1470170000000.0,2256623000000.0
2006-02-01,2.058410406112671,0.0,61.40999984741211,561.5999755859375,9.031397819519045,18.801897048950195,10993.41015625,1280.6600341796875,4.546999931335449,13870470083333.334,2.719482860954555,4.622916666666667,4.767197011008597,3.0526218796168507,298617519.9166667,1485930416666.6667,2268173416666.6665
2006-03-01,1.8849985599517824,0.0,66.62999725341797,581.7999877929688,9.7133207321167,19.10433006286621,11109.3203125,1294.8699951171875,4.853000164031982,13925357166666.666,2.65442608252763,4.622833333333333,4.806530352109614,3.0214070257050416,298855127.8333333,1501690833333.3333,2279723833333.3335
2006-04-01,2.115514278411865,0.0,71.87999725341797,651.7999877929688,10.409193992614746,16.95587730407715,11367.1396484375,1310.6099853515625,5.068999767303467,13980244250000.0,2.589369304100705,4.62275,4.84586369321063,2.9901921717932325,299092735.75,1517451250000.0,2291274250000.0
2006-05-01,1.7963385581970217,0.0,71.29000091552734,642.5,9.260531425476074,15.902721405029297,11168.3095703125,1270.0899658203125,5.11299991607666,14035131333333.334,2.5243125256737797,4.6226666666666665,4.885197034311647,2.9589773178814234,299330343.6666667,1533211666666.6667,2302824666666.6665
2006-06-01,1.721202731132507,0.0,73.9800033569336,613.5,10.443812370300291,16.422883987426758,11150.2197265625,1270.199951171875,5.138000011444092,14090018416666.666,2.459255747246855,4.622583333333333,4.9245303754126635,2.9277624639696143,299567951.5833333,1548972083333.3333,2314375083333.3335
2006-07-01,2.042482376098633,0.0,74.4000015258789,634.2000122070312,9.62864112854004,16.958576202392578,11185.6796875,1276.6600341796875,4.98799991607666,14144905500000.0,2.39419896881993,4.6225000000000005,4.96386371651368,2.896547610057805,299805559.5,1564732500000.0,2325925500000.0
2006-08-01,2.0391764640808105,0.0,70.26000213623047,625.9000244140625,9.42764949798584,18.11450958251953,11381.150390625,1303.8199462890625,4.73199987411499,14199792583333.334,2.329142190393005,4.622416666666667,5.003197057614697,2.8653327561459956,300043167.4166667,1580492916666.6667,2337475916666.6665
2006-09-01,2.313570499420166,0.0,62.90999984741211,598.5999755859375,10.0097017288208,19.348499298095703,11679.0703125,1335.8499755859375,4.632999897003174,14254679666666.666,2.26408541196608,4.622333333333334,5.042530398715714,2.8341179022341865,300280775.3333333,1596253333333.3333,2349026333333.3335
2006-10-01,2.43679428100586,0.0,63.02000045776367,622.75,11.864945411682127,20.310619354248047,12080.73046875,1377.93994140625,4.605999946594238,14309566750000.0,2.1990286335391547,4.62225,5.081863739816731,2.8029030483223774,300518383.25,1612013750000.0,2360576750000.0
2006-11-01,2.7547664642333984,0.0,63.130001068115234,646.9000244140625,12.07465362548828,20.770450592041016,12221.9296875,1400.6300048828125,4.458000183105469,14364453833333.334,2.1339718551122298,4.622166666666667,5.121197080917747,2.7716881944105682,300755991.1666667,1627774166666.6667,2372127166666.6665
2006-12-01,2.5497963428497314,0.0,61.04999923706055,635.2000122070312,11.468692779541016,21.19638061523437,12463.150390625,1418.300048828125,4.710000038146973,14419340916666.666,2.068915076685305,4.622083333333333,5.1605304220187636,2.740473340498759,300993599.0833333,1643534583333.3333,2383677583333.3335
2007-01-01,2.576545476913452,0.0,58.13999938964844,652.0,12.490334510803224,21.90624237060547,12621.6904296875,1438.239990234375,4.826000213623047,14474228000000.0,2.00385829825838,4.622,5.19986376311978,2.70925848658695,301231207.0,1659295000000.0,2395228000000.0
2007-02-01,2.542884826660156,0.0,61.790000915527344,669.4000244140625,11.193979263305664,19.996723175048828,12268.6298828125,1406.8199462890625,4.550000190734863,14498864166666.666,1.8463357107584204,4.718833333333333,5.02496196784197,2.644046087620986,301469770.25,1673960416666.6667,2410304916666.6665
2007-03-01,2.792334079742432,0.0,65.87000274658203,663.0,11.41090965270996,19.852373123168945,12354.349609375,1420.8599853515625,4.6479997634887695,14523500333333.334,1.6888131232584611,4.815666666666667,4.85006017256416,2.578833688655022,301708333.5,1688625833333.3333,2425381833333.3335
2007-04-01,2.99940824508667,0.0,64.94000244140625,662.0,11.740166664123535,21.326868057250977,13062.91015625,1482.3699951171875,4.630000114440918,14548136500000.0,1.5312905357585016,4.9125,4.67515837728635,2.5136212896890573,301946896.75,1703291250000.0,2440458750000.0
2007-05-01,3.642266750335693,0.0,64.01000213623047,661.0,12.400920867919922,21.86111259460449,13627.6396484375,1530.6199951171875,4.889999866485596,14572772666666.666,1.3737679482585423,5.009333333333333,4.50025658200854,2.448408890723093,302185460.0,1717956666666.6667,2455535666666.6665
2007-06-01,3.6678121089935294,0.0,70.68000030517578,648.0999755859375,13.018340110778809,21.06008720397949,13408.6201171875,1503.3499755859375,5.0329999923706055,14597408833333.334,1.2162453607585828,5.106166666666667,4.32535478673073,2.383196491757129,302424023.25,1732622083333.3333,2470612583333.3335
2007-07-01,3.959938287734986,0.0,72.36000061035156,660.5499877929688,12.702033996582031,20.71705818176269,13211.990234375,1455.27001953125,4.770999908447266,14622045000000.0,1.0587227732586233,5.202999999999999,4.15045299145292,2.317984092791165,302662586.5,1747287500000.0,2485689500000.0
2007-08-01,4.161902904510498,0.0,74.04000091552734,673.0,12.83279037475586,20.531253814697266,13357.740234375,1473.989990234375,4.537000179290772,14646681166666.666,0.901200185758664,5.299833333333333,3.97555119617511,2.252771693825201,302901149.75,1761952916666.6667,2500766416666.6665
2007-09-01,4.612414360046387,0.0,81.66000366210938,742.7999877929688,14.128398895263672,21.12672233581543,13895.6298828125,1526.75,4.578999996185303,14671317333333.334,0.7436775982587045,5.3966666666666665,3.8006494008973,2.187559294859237,303139713.0,1776618333333.3333,2515843333333.3335
2007-10-01,5.708791255950928,0.0,94.52999877929688,792.0,17.608509063720703,26.39765167236328,13930.009765625,1549.3800048828125,4.474999904632568,14695953500000.0,0.586155010758745,5.4935,3.62574760561949,2.1223468958932727,303378276.25,1791283750000.0,2530920250000.0
2007-11-01,5.476474761962891,0.0,88.70999908447266,782.2000122070312,17.259822845458984,24.095653533935547,13371.7197265625,1481.1400146484375,3.971999883651733,14720589666666.666,0.4286324232587857,5.590333333333334,3.45084581034168,2.0571344969273087,303616839.5,1805949166666.6667,2545997166666.6665
2007-12-01,5.953133583068848,0.0,95.9800033569336,834.9000244140625,17.221967697143555,25.61432266235352,13264.8203125,1468.3599853515625,4.034999847412109,14745225833333.334,0.2711098357588262,5.687166666666666,3.27594401506387,1.9919220979613441,303855402.75,1820614583333.3333,2561074083333.3335
2008-01-01,4.068136215209961,0.0,91.75,922.7000122070312,14.054429054260254,23.4558162689209,12650.3603515625,1378.550048828125,3.638999938964844,14769862000000.0,0.113587248258867,5.784,3.10104221978606,1.92670969899538,304093966.0,1835280000000.0,2576151000000.0
2008-02-01,3.757374048233032,0.0,101.83999633789062,972.0999755859376,11.735185623168944,19.570497512817383,12266.3896484375,1330.6300048828125,3.5339999198913574,14745545750000.0,-0.11058670861853527,6.073166666666666,3.0607118393539543,1.8175489503395792,304317096.25,1814237833333.3333,2528299000000.0
2008-03-01,4.312775611877441,0.0,101.58000183105467,916.2000122070312,10.970324516296388,20.498851776123047,12262.8896484375,1322.699951171875,3.431999921798706,14721229500000.0,-0.3347606654959375,6.362333333333333,3.0203814589218485,1.7083882016837784,304540226.5,1793195666666.6667,2480447000000.0
2008-04-01,5.227924346923828,0.0,113.45999908447266,862.7999877929688,14.303237915039062,20.599973678588867,12820.1298828125,1385.5899658203125,3.759000062942505,14696913250000.0,-0.5589346223733398,6.6514999999999995,2.9800510784897427,1.5992274530279775,304763356.75,1772153500000.0,2432595000000.0
2008-05-01,5.672725200653076,0.0,127.3499984741211,887.2999877929688,14.589906692504885,20.45551109313965,12638.3203125,1400.3800048828125,4.046000003814697,14672597000000.0,-0.7831085792507421,6.940666666666666,2.939720698057637,1.4900667043721767,304986487.0,1751111333333.3333,2384743000000.0
2008-06-01,5.032272815704346,0.0,125.71500015258789,900.6000061035156,13.110990524291992,19.943603515625,11350.009765625,1280.0,3.9790000915527344,14648280750000.0,-1.0072825361281443,7.229833333333333,2.899390317625531,1.3809059557163759,305209617.25,1730069166666.6667,2336891000000.0
2008-07-01,4.777113437652588,0.0,124.08000183105467,913.9000244140624,11.799195289611816,18.64592742919922,11378.01953125,1267.3800048828125,3.9790000915527344,14623964500000.0,-1.2314564930055467,7.519,2.8590599371934253,1.271745207060575,305432747.5,1709027000000.0,2289039000000.0
2008-08-01,5.095087051391602,0.0,115.45999908447266,829.2999877929688,11.538678169250488,19.78410530090332,11543.9599609375,1282.8299560546875,3.812999963760376,14599648250000.0,-1.455630449882949,7.808166666666667,2.818729556761319,1.1625844584047742,305655877.75,1687984833333.3333,2241187000000.0
2008-09-01,3.4159600734710693,0.0,100.63999938964844,874.2000122070312,9.975330352783203,19.42630958557129,10850.66015625,1166.3599853515625,3.82699990272522,14575332000000.0,-1.6798044067603513,8.097333333333333,2.7783991763292133,1.0534237097489734,305879008.0,1666942666666.6667,2193335000000.0
2008-10-01,3.233530044555664,0.0,67.80999755859375,716.7999877929688,8.950202941894531,16.25287628173828,9325.009765625,968.75,3.9700000286102295,14551015750000.0,-1.9039783636377534,8.3865,2.7380687958971075,0.9442629610931725,306102138.25,1645900500000.0,2145483000000.0
2008-11-01,2.785121440887451,0.0,54.43000030517578,816.2000122070312,7.296446800231934,14.717122077941896,8829.0400390625,896.239990234375,2.9570000171661377,14526699500000.0,-2.1281523205151553,8.675666666666666,2.6977384154650017,0.8351022124373717,306325268.5,1624858333333.3333,2097631000000.0
2008-12-01,2.5651237964630127,0.0,44.59999847412109,883.5999755859375,7.662315845489502,14.245250701904297,8776.3896484375,903.25,2.24399995803833,14502383250000.0,-2.352326277392558,8.964833333333333,2.657408035032896,0.7259414637815709,306548398.75,1603816166666.6667,2049779000000.0
2009-01-01,2.708784580230713,0.0,41.68000030517578,927.2999877929688,8.43140983581543,12.530547142028809,8000.85986328125,825.8800048828125,2.844000101089477,14478067000000.0,-2.57650023426996,9.254,2.61707765460079,0.61678071512577,306771529.0,1582774000000.0,2001927000000.0
2009-02-01,2.6841394901275635,0.0,44.826666514078774,915.0999959309896,8.417963027954102,11.834405899047852,7062.93017578125,735.0900268554688,3.0409998893737797,14525642333333.334,-2.137192499428597,9.285583333333333,2.5665114018146875,0.6666562123544109,306984496.8333333,1605646750000.0,2034229333333.3333
2009-03-01,3.1592957973480225,0.0,47.97333272298177,902.9000040690104,8.668764114379883,13.553474426269531,7608.919921875,797.8699951171875,2.684999942779541,14573217666666.666,-1.6978847645872333,9.317166666666665,2.5159451490285853,0.7165317095830517,307197464.6666667,1628519500000.0,2066531666666.6667
2009-04-01,3.781718015670776,0.0,51.119998931884766,890.7000122070312,9.862009048461914,14.947930335998535,8168.1201171875,872.8099975585938,3.124000072479248,14620793000000.0,-1.25857702974587,9.348749999999999,2.4653788962424827,0.7664072068116925,307410432.5,1651392250000.0,2098834000000.0
2009-05-01,4.081657409667969,0.0,66.30999755859375,978.7999877929688,10.391509056091309,15.412747383117676,8500.330078125,919.1400146484376,3.4649999141693115,14668368333333.334,-0.8192692949045066,9.380333333333333,2.41481264345638,0.8162827040403334,307623400.3333333,1674265000000.0,2131136333333.3333
2009-06-01,4.280616760253906,0.0,69.88999938964844,927.0999755859376,10.500099182128906,17.64900016784668,8447.0,919.3200073242188,3.5230000019073486,14715943666666.666,-0.3799615600631432,9.411916666666666,2.3642463906702775,0.8661582012689742,307836368.1666667,1697137750000.0,2163438666666.6667
2009-07-01,4.910554885864258,0.0,69.44999694824219,953.7000122070312,11.03458023071289,17.46337127685547,9171.6103515625,987.47998046875,3.500999927520752,14763519000000.0,0.05934617477822002,9.4435,2.313680137884175,0.9160336984976151,308049336.0,1720010500000.0,2195741000000.0
2009-08-01,5.055415153503418,0.0,69.95999908447266,951.7000122070312,11.498330116271973,18.302387237548828,9496.2802734375,1020.6199951171876,3.401000022888184,14811094333333.334,0.49865390961958367,9.475083333333332,2.2631138850980728,0.965909195726256,308262303.8333333,1742883250000.0,2228043333333.3335
2009-09-01,5.570544242858887,0.0,70.61000061035156,1008.0,12.349616050720217,19.20423698425293,9712.2802734375,1057.0799560546875,3.306999921798706,14858669666666.666,0.9379616444609469,9.506666666666666,2.21254763231197,1.0157846929548968,308475271.6666667,1765756000000.0,2260345666666.6665
2009-10-01,5.6652140617370605,0.0,77.0,1039.699951171875,13.352579116821287,20.705028533935547,9712.73046875,1036.18994140625,3.3919999599456787,14906245000000.0,1.37726937930231,9.53825,2.1619813795258676,1.0656601901835376,308688239.5,1788628750000.0,2292648000000.0
2009-11-01,6.008132457733154,0.0,78.18000030517578,1067.449951171875,14.520170211791992,21.959423065185547,10344.83984375,1095.6300048828125,3.200999975204468,14953820333333.334,1.8165771141436737,9.569833333333332,2.1114151267397654,1.1155356874121785,308901207.3333333,1811501500000.0,2324950333333.3335
2009-12-01,6.33331823348999,0.0,79.36000061035156,1095.199951171875,15.441191673278809,22.858959197998047,10428.0498046875,1115.0999755859375,3.8429999351501465,15001395666666.666,2.255884848985037,9.601416666666665,2.060848873953663,1.1654111846408193,309114175.1666667,1834374250000.0,2357252666666.6665
2010-01-01,5.772207260131836,0.0,72.88999938964844,1083.0,13.198659896850586,21.1340389251709,10067.330078125,1073.8699951171875,3.608999967575073,15048971000000.0,2.6951925838264,9.633,2.01028262116756,1.21528668186946,309327143.0,1857247000000.0,2389555000000.0
2010-02-01,6.14968729019165,0.0,79.66000366210938,1118.300048828125,13.120453834533691,21.501514434814453,10325.259765625,1104.489990234375,3.595000028610229,15094867750000.0,2.6009604397061175,9.575999999999999,1.9396672904272285,1.2859385813329627,309515171.1666667,1878798416666.6667,2415048750000.0
2010-03-01,7.062734603881836,0.0,83.76000213623047,1113.300048828125,14.124663352966309,22.069223403930664,10856.6298828125,1169.4300537109375,3.8329999446868896,15140764500000.0,2.506728295585835,9.518999999999998,1.8690519596868969,1.356590480796465,309703199.3333333,1900349833333.3333,2440542500000.0
2010-04-01,7.846847057342529,0.0,86.1500015258789,1180.0999755859375,13.093057632446287,23.011049270629883,11008.6103515625,1186.68994140625,3.663000106811523,15186661250000.0,2.4124961514655525,9.462,1.7984366289465652,1.4272423802599676,309891227.5,1921901250000.0,2466036250000.0
2010-05-01,7.720317840576172,0.0,73.97000122070312,1212.199951171875,12.09507656097412,19.43959617614746,10136.6298828125,1089.4100341796875,3.3010001182556152,15232558000000.0,2.3182640073452703,9.405,1.7278212982062335,1.49789427972347,310079255.6666667,1943452666666.6667,2491530000000.0
2010-06-01,7.559530258178711,0.0,75.62999725341797,1245.5,11.081902503967283,17.4156494140625,9774.01953125,1030.7099609375,2.950999975204468,15278454750000.0,2.2240318632249876,9.347999999999999,1.6572059674659019,1.5685461791869726,310267283.8333333,1965004083333.3333,2517023750000.0
2010-07-01,7.731441974639893,0.0,78.94999694824219,1181.699951171875,12.075650215148926,19.534881591796875,10465.9404296875,1101.5999755859375,2.907000064849853,15324351500000.0,2.129799719104705,9.291,1.5865906367255702,1.639198078650475,310455312.0,1986555500000.0,2542517500000.0
2010-08-01,7.306175231933594,0.0,79.45999908447266,1244.75,11.208176612854004,17.76380157470703,10014.7197265625,1049.3299560546875,2.476999998092652,15370248250000.0,2.0355675749844226,9.234,1.5159753059852386,1.7098499781139775,310643340.1666667,2008106916666.6667,2568011250000.0
2010-09-01,8.527873039245605,0.0,79.97000122070312,1307.800048828125,13.095300674438477,18.63468360900879,10788.0498046875,1141.199951171875,2.5169999599456787,15416145000000.0,1.94133543086414,9.177,1.445359975244907,1.7805018775774801,310831368.3333333,2029658333333.3333,2593505000000.0
2010-10-01,9.045706748962402,0.0,81.43000030517578,1357.0999755859375,15.284782409667969,20.293472290039062,11118.490234375,1183.260009765625,2.611999988555908,15462041750000.0,1.8471032867438577,9.12,1.3747446445045752,1.8511537770409825,311019396.5,2051209750000.0,2618998750000.0
2010-11-01,9.351358413696287,0.0,84.11000061035156,1385.0,13.840486526489258,19.220590591430664,11006.01953125,1180.550048828125,2.796999931335449,15507938500000.0,1.752871142623575,9.062999999999999,1.3041293137642436,1.9218056765044849,311207424.6666667,2072761166666.6667,2644492500000.0
2010-12-01,9.694278717041016,0.0,91.37999725341795,1421.0999755859375,14.793386459350586,21.367490768432617,11577.509765625,1257.6400146484375,3.305000066757202,15553835250000.0,1.6586389985032925,9.006,1.233513983023912,1.9924575759679874,311395452.8333333,2094312583333.3333,2669986250000.0
2011-01-01,10.197985649108888,0.0,92.19000244140624,1333.800048828125,14.952536582946776,21.22968292236328,11891.9296875,1286.1199951171875,3.378000020980835,15599732000000.0,1.56440685438301,8.949,1.16289865228358,2.06310947543149,311583481.0,2115864000000.0,2695480000000.0
2011-02-01,10.615440368652344,0.0,96.97000122070312,1409.300048828125,15.277310371398926,20.349267959594727,12226.33984375,1327.219970703125,3.4140000343322754,15654251833333.334,1.6247990654910067,8.875666666666667,1.1795290770737574,2.0463640964895076,311774662.75,2124350333333.3333,2701633083333.3335
2011-03-01,10.474180221557615,0.0,106.72000122070312,1438.9000244140625,14.613815307617188,19.55310821533203,12319.73046875,1325.8299560546875,3.4539999961853027,15708771666666.666,1.6851912765990034,8.802333333333333,1.196159501863935,2.029618717547525,311965844.5,2132836666666.6667,2707786166666.6665
2011-04-01,10.522873878479004,0.0,113.93000030517578,1556.0,13.5513277053833,19.96126365661621,12810.5400390625,1363.6099853515625,3.2960000038146973,15763291500000.0,1.745583487707,8.729,1.2127899266541124,2.0128733386055426,312157026.25,2141323000000.0,2713939250000.0
2011-05-01,10.453746795654297,0.0,104.67499923706055,1529.1500244140625,13.175745964050291,19.260461807250977,12569.7900390625,1345.199951171875,3.049999952316284,15817811333333.334,1.8059756988149969,8.655666666666667,1.22942035144429,1.99612795966356,312348208.0,2149809333333.3333,2720092333333.3335
2011-06-01,10.088287353515623,0.0,95.41999816894533,1502.300048828125,12.6118745803833,20.15412139892578,12414.33984375,1320.6400146484375,3.157999992370605,15872331166666.666,1.8663679099229935,8.582333333333334,1.2460507762344675,1.9793825807215775,312539389.75,2158295666666.6667,2726245416666.6665
2011-07-01,11.735555648803713,0.0,95.6999969482422,1628.300048828125,15.035472869873049,21.23933982849121,12143.240234375,1292.280029296875,2.805000066757202,15926851000000.0,1.9267601210309901,8.509,1.262681201024645,1.962637201779595,312730571.5,2166782000000.0,2732398500000.0
2011-08-01,11.565756797790527,0.0,88.80999755859375,1828.5,13.47312355041504,20.619216918945312,11613.5302734375,1218.8900146484375,2.2179999351501465,15981370833333.334,1.9871523321389868,8.435666666666666,1.2793116258148225,1.9458918228376125,312921753.25,2175268333333.3333,2738551583333.3335
2011-09-01,11.460259437561035,0.0,79.19999694824219,1620.4000244140625,12.827561378479004,19.41546058654785,10913.3798828125,1131.4200439453125,1.924000024795532,16035890666666.666,2.0475445432469837,8.362333333333334,1.295942050605,1.92914644389563,313112935.0,2183754666666.6667,2744704666666.6665
2011-10-01,12.16533660888672,0.0,93.19000244140624,1724.199951171875,14.760261535644531,20.772754669189453,11955.009765625,1253.300048828125,2.174999952316284,16090410500000.0,2.1079367543549803,8.289000000000001,1.3125724753951775,1.9124010649536474,313304116.75,2192241000000.0,2750857750000.0
2011-11-01,11.486705780029297,0.0,100.36000061035156,1745.5,14.928378105163574,19.953702926635746,12045.6796875,1246.9599609375,2.068000078201294,16144930333333.334,2.168328965462977,8.215666666666667,1.329202900185355,1.895655686011665,313495298.5,2200727333333.3335,2757010833333.3335
2011-12-01,12.171944618225098,0.0,98.83000183105467,1565.800048828125,16.086753845214844,20.402606964111328,12217.5595703125,1257.5999755859375,1.871000051498413,16199450166666.666,2.2287211765709736,8.142333333333333,1.3458333249755325,1.8789103070696824,313686480.25,2209213666666.6665,2763163916666.6665
2012-01-01,13.719131469726562,0.0,102.95000076293945,1637.8500366210938,14.44819164276123,23.208356857299805,12632.91015625,1312.4100341796875,1.7990000247955322,16253970000000.0,2.28911338767897,8.069,1.36246374976571,1.8621649281277,313877662.0,2217700000000.0,2769317000000.0
2012-02-01,16.30258560180664,0.0,107.06999969482422,1709.9000244140625,15.398103713989258,24.94525718688965,12952.0703125,1365.6800537109375,1.9769999980926516,16306196083333.334,2.274839780305597,8.011166666666668,1.37577621967017,1.8488078808397526,314059519.0833333,2223551833333.3335,2769071833333.3335
2012-03-01,18.01898956298828,0.0,103.0199966430664,1669.300048828125,15.970691680908203,25.520849227905277,13212.0400390625,1408.469970703125,2.2160000801086426,16358422166666.666,2.2605661729322235,7.953333333333334,1.38908868957463,1.835450833551805,314241376.1666667,2229403666666.6665,2768826666666.6665
2012-04-01,17.551042556762695,0.0,94.77499771118164,1615.9500122070312,15.064363479614258,25.33098030090332,13213.6298828125,1397.9100341796875,1.9149999618530276,16410648250000.0,2.24629256555885,7.8955,1.40240115947909,1.8220937862638575,314423233.25,2235255500000.0,2768581500000.0
2012-05-01,17.363208770751953,0.0,86.52999877929688,1562.5999755859375,14.466870307922363,23.092172622680664,12393.4501953125,1310.3299560546875,1.5809999704360962,16462874333333.334,2.232018958185477,7.837666666666667,1.41571362938355,1.80873673897591,314605090.3333333,2241107333333.3335,2768336333333.3335
2012-06-01,17.55164909362793,0.0,84.95999908447266,1603.5,14.447195053100586,24.358503341674805,12880.08984375,1362.1600341796875,1.659000039100647,16515100416666.666,2.2177453508121037,7.779833333333334,1.42902609928801,1.7953796916879625,314786947.4166667,2246959166666.6665,2768091166666.6665
2012-07-01,18.355897903442383,0.0,90.71500015258789,1644.0499877929688,15.76471996307373,23.46665573120117,13008.6796875,1379.3199462890625,1.4919999837875366,16567326500000.0,2.20347174343873,7.722,1.44233856919247,1.7820226444000151,314968804.5,2252811000000.0,2767846000000.0
2012-08-01,19.99324607849121,0.0,96.47000122070312,1684.5999755859375,17.062816619873047,24.541648864746094,13090.83984375,1406.5799560546875,1.562000036239624,16619552583333.334,2.1891981360653565,7.664166666666667,1.45565103909693,1.7686655971120675,315150661.5833333,2258662833333.3335,2767600833333.3335
2012-09-01,20.135223388671875,0.0,92.19000244140624,1771.0999755859375,18.791540145874023,23.854570388793945,13437.1298828125,1440.6700439453125,1.6369999647140503,16671778666666.666,2.1749245286919834,7.606333333333334,1.46896350900139,1.75530854982412,315332518.6666667,2264514666666.6665,2767355666666.6665
2012-10-01,17.968677520751953,0.0,86.23999786376953,1717.5,16.943519592285156,22.876659393310547,13096.4599609375,1412.1600341796875,1.6859999895095823,16724004750000.0,2.1606509213186103,7.548500000000001,1.48227597890585,1.7419515025361725,315514375.75,2270366500000.0,2767110500000.0
2012-11-01,17.66563606262207,0.0,88.91000366210938,1710.9000244140625,17.39356803894043,21.3376579284668,13025.580078125,1416.1800537109375,1.6059999465942385,16776230833333.334,2.1463773139452367,7.490666666666667,1.49558844881031,1.728594455248225,315696232.8333333,2276218333333.3335,2766865333333.3335
2012-12-01,16.135969161987305,0.0,91.81999969482422,1674.800048828125,17.617971420288086,21.58572196960449,13104.1396484375,1426.18994140625,1.75600004196167,16828456916666.666,2.132103706571863,7.432833333333333,1.50890091871477,1.7152374079602777,315878089.9166667,2282070166666.6665,2766620166666.6665
2013-01-01,13.810951232910156,0.0,97.48999786376952,1660.5999755859375,18.821178436279297,22.18375968933105,13860.580078125,1498.1099853515625,1.9850000143051147,16880683000000.0,2.11783009919849,7.375,1.52221338861923,1.70188036067233,316059947.0,2287922000000.0,2766375000000.0
2013-02-01,13.3837251663208,0.0,92.0500030517578,1577.699951171875,19.954647064208984,22.46661376953125,14054.490234375,1514.6800537109375,1.888000011444092,16941304250000.0,2.151662575466934,7.274416666666666,1.5189090554503175,1.7051918349986734,316253812.1666667,2295473916666.6665,2776464166666.6665
2013-03-01,13.500155448913574,0.0,97.2300033569336,1594.800048828125,19.78005790710449,23.312644958496094,14578.5400390625,1569.18994140625,1.8519999980926516,17001925500000.0,2.185495051735378,7.1738333333333335,1.515604722281405,1.7085033093250166,316447677.3333333,2303025833333.3335,2786553333333.3335
2013-04-01,13.50381565093994,0.0,93.45999908447266,1472.199951171875,20.536701202392575,26.97129249572754,14839.7998046875,1597.5699462890625,1.6749999523162842,17062546750000.0,2.2193275280038227,7.07325,1.5123003891124924,1.71181478365136,316641542.5,2310577750000.0,2796642500000.0
2013-05-01,13.715773582458496,0.0,91.97000122070312,1392.5999755859375,21.698562622070312,28.4379997253418,15115.5703125,1630.739990234375,2.1640000343322754,17123168000000.0,2.253160004272267,6.972666666666667,1.50899605594358,1.7151262579777034,316835407.6666667,2318129666666.6665,2806731666666.6665
2013-06-01,12.173337936401367,0.0,96.55999755859376,1223.800048828125,21.92645263671875,28.342021942138672,14909.599609375,1606.280029296875,2.4779999256134038,17183789250000.0,2.286992480540711,6.872083333333333,1.5056917227746676,1.7184377323040467,317029272.8333333,2325681583333.3335,2816820833333.3335
2013-07-01,13.892516136169434,0.0,105.02999877929688,1312.4000244140625,22.110260009765625,26.126508712768555,15499.5400390625,1685.72998046875,2.5929999351501465,17244410500000.0,2.320824956809155,6.7715,1.502387389605755,1.72174920663039,317223138.0,2333233500000.0,2826910000000.0
2013-08-01,14.957489013671877,0.0,107.6500015258789,1396.0999755859375,21.092849731445312,27.406572341918945,14810.3095703125,1632.969970703125,2.749000072479248,17305031750000.0,2.354657433077599,6.670916666666667,1.4990830564368425,1.7250606809567333,317417003.1666667,2340785416666.6665,2836999166666.6665
2013-09-01,14.732701301574709,0.0,102.01499938964844,1359.8499755859375,21.815372467041016,27.500532150268555,15129.669921875,1681.550048828125,2.615000009536743,17365653000000.0,2.388489909346043,6.570333333333333,1.49577872326793,1.7283721552830766,317610868.3333333,2348337333333.3335,2847088333333.3335
2013-10-01,16.15266990661621,0.0,96.37999725341795,1323.5999755859375,25.66757583618164,29.260644912719727,15545.75,1756.5400390625,2.5420000553131104,17426274250000.0,2.4223223856144873,6.46975,1.4924743900990176,1.73168362960942,317804733.5,2355889250000.0,2857177500000.0
2013-11-01,17.183883666992188,0.0,92.72000122070312,1250.5999755859375,26.39009666442871,31.50829124450684,16086.41015625,1805.81005859375,2.740999937057495,17486895500000.0,2.456154861882932,6.369166666666667,1.4891700569301052,1.7349951039357632,317998598.6666667,2363441166666.6665,2867266666666.6665
2013-12-01,17.43806266784668,0.0,95.10499954223633,1245.3499755859375,27.91234970092773,31.14776992797852,16576.66015625,1848.3599853515625,3.026000022888184,17547516750000.0,2.489987338151376,6.268583333333334,1.4858657237611925,1.7383065782621065,318192463.8333333,2370993083333.3335,2877355833333.3335
2014-01-01,15.56004524230957,0.0,97.48999786376952,1240.0999755859375,29.41318130493164,31.505779266357425,15698.849609375,1782.5899658203125,2.6679999828338623,17608138000000.0,2.52381981441982,6.168,1.48256139059228,1.74161805258845,318386329.0,2378545000000.0,2887445000000.0
2014-02-01,16.35700035095215,0.0,102.58999633789062,1321.4000244140625,30.27692031860352,31.897113800048828,16321.7099609375,1859.449951171875,2.657999992370605,17665378083333.332,2.5589640344308626,6.094,1.5515574947594541,1.6738201144358897,318582384.4166667,2369551416666.6665,2879736416666.6665
2014-03-01,16.78323745727539,0.0,101.58000183105467,1283.4000244140625,27.757932662963867,34.38441467285156,16457.66015625,1872.3399658203125,2.7230000495910645,17722618166666.668,2.594108254441905,6.0200000000000005,1.6205535989266284,1.6060221762833298,318778439.8333333,2360557833333.3335,2872027833333.3335
2014-04-01,18.45143318176269,0.0,99.73999786376952,1295.5999755859375,26.61674690246582,33.88949203491211,16580.83984375,1883.949951171875,2.6480000019073486,17779858250000.0,2.6292524744529473,5.946,1.6895497030938025,1.5382242381307698,318974495.25,2351564250000.0,2864319250000.0
2014-05-01,19.79318046569824,0.0,102.70999908447266,1245.5999755859375,28.44650077819824,34.34246063232422,16717.169921875,1923.5699462890625,2.4570000171661377,17837098333333.332,2.66439669446399,5.872,1.7585458072609768,1.4704262999782096,319170550.6666667,2342570666666.6665,2856610666666.6665
2014-06-01,20.454301834106445,0.0,100.43999862670898,1263.4500122070312,29.094402313232425,35.22677230834961,16826.599609375,1960.22998046875,2.5160000324249268,17894338416666.668,2.6995409144750324,5.798,1.8275419114281508,1.4026283618256494,319366606.0833333,2333577083333.3335,2848902083333.3335
2014-07-01,21.04198455810547,0.0,98.16999816894533,1281.300048828125,28.83962059020996,36.46013641357422,16563.30078125,1930.6700439453125,2.555999994277954,17951578500000.0,2.734685134486075,5.724,1.896538015595325,1.3348304236730895,319562661.5,2324583500000.0,2841193500000.0
2014-08-01,22.56070327758789,0.0,95.95999908447266,1285.800048828125,28.97945022583008,38.37774658203125,17098.44921875,2003.3699951171875,2.3429999351501465,18008818583333.332,2.7698293544971175,5.65,1.9655341197624991,1.2670324855205295,319758716.9166667,2315589916666.6665,2833484916666.6665
2014-09-01,22.285823822021484,386.9440002441406,91.16000366210938,1210.5,29.28050804138184,39.40799331665039,17042.900390625,1972.2900390625,2.507999897003174,18066058666666.668,2.80497357450816,5.5760000000000005,2.034530223929673,1.1992345473679693,319954772.3333333,2306596333333.3335,2825776333333.3335
2014-10-01,23.889524459838867,338.3210144042969,80.54000091552734,1171.0999755859375,28.258398056030277,39.909515380859375,17390.51953125,2018.050048828125,2.3350000381469727,18123298750000.0,2.8401177945192027,5.502000000000001,2.1035263280968475,1.1314366092154091,320150827.75,2297602750000.0,2818067750000.0
2014-11-01,26.307226181030277,378.0469970703125,66.1500015258789,1175.199951171875,27.32336807250977,40.64054870605469,17828.240234375,2067.56005859375,2.194000005722046,18180538833333.332,2.8752620145302448,5.428,2.1725224322640218,1.0636386710628492,320346883.1666667,2288609166666.6665,2810359166666.6665
2014-12-01,24.52184295654297,320.1929931640625,53.27000045776367,1183.9000244140625,26.40675163269043,39.7335319519043,17823.0703125,2058.89990234375,2.1700000762939453,18237778916666.668,2.9104062345412873,5.354,2.2415185364311956,0.9958407329102891,320542938.5833333,2279615583333.3335,2802650583333.3335
2015-01-01,26.02808380126953,217.4640045166016,48.2400016784668,1278.5,26.74961280822754,34.55833053588867,17164.94921875,1994.989990234375,1.6749999523162842,18295019000000.0,2.94555045455233,5.28,2.31051464059837,0.928042794757729,320738994.0,2270622000000.0,2794942000000.0
2015-02-01,28.538469314575195,254.26300048828125,52.036668141682945,1246.4666748046875,27.99764442443848,37.50947189331055,18132.69921875,2104.5,2.002000093460083,18337510166666.668,2.8517088729015465,5.24575,2.329407778762759,0.9298994351289578,320933390.75,2267700000000.0,2790266000000.0
2015-03-01,27.752273559570312,244.2239990234375,55.833334604899086,1214.433349609375,27.603031158447266,35.02825927734375,17776.119140625,2067.889892578125,1.934000015258789,18380001333333.332,2.757867291250763,5.2115,2.348300916927148,0.9317560755001865,321127787.5,2264778000000.0,2785590000000.0
2015-04-01,27.91285896301269,236.1450042724609,59.630001068115234,1182.4000244140625,27.30794334411621,41.902957916259766,17840.51953125,2085.510009765625,2.0460000038146973,18422492500000.0,2.6640257095999798,5.17725,2.367194055091537,0.9336127158714153,321322184.25,2261856000000.0,2780914000000.0
2015-05-01,29.05702209472656,230.19000244140625,60.29999923706055,1189.4000244140625,27.13626289367676,40.3695182800293,18010.6796875,2107.389892578125,2.095000028610229,18464983666666.668,2.5701841279491964,5.143,2.3860871932559267,0.935469356242644,321516581.0,2258934000000.0,2776238000000.0
2015-06-01,28.09215545654297,263.0719909667969,59.470001220703125,1171.5,26.873519897460938,38.28204345703125,17619.509765625,2063.110107421875,2.3350000381469727,18507474833333.332,2.4763425462984134,5.10875,2.4049803314203158,0.9373259966138727,321710977.75,2256012000000.0,2771562000000.0
2015-07-01,27.167179107666016,284.6499938964844,47.119998931884766,1094.9000244140625,32.71857833862305,40.49313735961914,17689.859375,2103.840087890625,2.2049999237060547,18549966000000.0,2.38250096464763,5.0745000000000005,2.423873469584705,0.9391826369851015,321905374.5,2253090000000.0,2766886000000.0
2015-08-01,25.254505157470703,230.05599975585935,49.20000076293945,1131.5999755859375,32.236873626708984,37.73578643798828,16528.029296875,1972.1800537109373,2.200000047683716,18592457166666.668,2.2886593829968467,5.04025,2.442766607749094,0.9410392773563303,322099771.25,2250168000000.0,2762210000000.0
2015-09-01,24.815364837646484,236.05999755859372,45.09000015258789,1115.5,31.766626358032227,38.63050842285156,16284.7001953125,1920.030029296875,2.059999942779541,18634948333333.332,2.1948178013460633,5.006,2.461659745913483,0.942895917727559,322294168.0,2247246000000.0,2757534000000.0
2015-10-01,26.88518524169922,314.1659851074219,46.59000015258789,1141.5,36.69406509399414,45.944637298583984,17663.5390625,2079.360107421875,2.151000022888184,18677439500000.0,2.10097621969528,4.97175,2.4805528840778726,0.9447525580987878,322488564.75,2244324000000.0,2752858000000.0
2015-11-01,26.61520767211914,377.3210144042969,41.81500053405762,1100.9000244140625,37.96101379394531,47.437137603759766,17719.919921875,2080.409912109375,2.2179999351501465,18719930666666.668,2.0071346380444965,4.9375,2.4994460222422616,0.9466091984700166,322682961.5,2241402000000.0,2748182000000.0
2015-12-01,23.7828311920166,430.5669860839844,37.040000915527344,1060.300048828125,38.71540832519531,48.74980545043945,17425.029296875,2043.93994140625,2.2690000534057617,18762421833333.332,1.9132930563937134,4.90325,2.5183391604066507,0.9484658388412452,322877358.25,2238480000000.0,2743506000000.0
2016-01-01,21.99335289001465,368.7669982910156,33.619998931884766,1116.4000244140625,37.88636779785156,48.407108306884766,16466.30078125,1940.239990234375,1.930999994277954,18804913000000.0,1.81945147474293,4.869,2.53723229857104,0.950322479212474,323071755.0,2235558000000.0,2738830000000.0
2016-02-01,21.84649085998535,437.6969909667969,33.75,1233.9000244140625,35.690364837646484,44.70783615112305,16516.5,1932.22998046875,1.7400000095367432,18872178750000.0,1.872632377116195,4.8261666666666665,2.514570972006164,1.020362546352458,323242619.4166667,2248283166666.6665,2754893250000.0
2016-03-01,24.759220123291016,416.72900390625,38.34000015258789,1234.199951171875,37.963497161865234,48.87857055664063,17685.08984375,2059.739990234375,1.7860000133514404,18939444500000.0,1.92581327948946,4.783333333333333,2.491909645441288,1.0904026134924416,323413483.8333333,2261008333333.3335,2770956500000.0
2016-04-01,21.29488754272461,448.3179931640625,45.91999816894531,1289.199951171875,35.22559356689453,44.13497161865234,17773.640625,2065.300048828125,1.819000005722046,19006710250000.0,1.978994181862725,4.7405,2.4692483188764123,1.1604426806324255,323584348.25,2273733500000.0,2787019750000.0
2016-05-01,22.685157775878903,531.385986328125,47.125,1303.7999877929688,37.264347076416016,46.90502166748047,17787.19921875,2096.949951171875,1.8339999914169312,19073976000000.0,2.03217508423599,4.697666666666667,2.4465869923115364,1.2304827477724094,323755212.6666667,2286458666666.6665,2803083000000.0
2016-06-01,21.84964942932129,673.3369750976562,48.33000183105469,1318.4000244140625,35.00912094116211,45.60221099853516,17929.990234375,2098.860107421875,1.4880000352859497,19141241750000.0,2.085355986609255,4.654833333333333,2.4239256657466606,1.300522814912393,323926077.0833333,2299183833333.3335,2819146250000.0
2016-07-01,23.81749153137207,624.6810302734375,41.59999847412109,1349.0,39.37873077392578,50.51266860961914,18432.240234375,2173.60009765625,1.4579999446868896,19208507500000.0,2.13853688898252,4.612,2.401264339181785,1.370562882052377,324096941.5,2311909000000.0,2835209500000.0
2016-08-01,24.249452590942383,575.4719848632812,44.70000076293945,1306.9000244140625,39.30458831787109,51.207801818847656,18400.880859375,2170.949951171875,1.5679999589920044,19275773250000.0,2.191717791355785,4.569166666666667,2.3786030126169093,1.4406029491923609,324267805.9166667,2324634166666.6665,2851272750000.0
2016-09-01,25.977855682373047,609.7349853515625,48.2400016784668,1313.300048828125,40.01170349121094,51.65252304077149,18308.150390625,2168.27001953125,1.6080000400543213,19343039000000.0,2.24489869372905,4.5263333333333335,2.3559416860520335,1.5106430163323448,324438670.3333333,2337359333333.3335,2867336000000.0
2016-10-01,26.090456008911133,700.9719848632812,46.86000061035156,1271.5,40.30231857299805,53.73295593261719,18142.419921875,2126.14990234375,1.8339999914169312,19410304750000.0,2.298079596102315,4.4835,2.3332803594871576,1.5806830834723284,324609534.75,2350084500000.0,2883399250000.0
2016-11-01,25.39649200439453,745.6909790039062,49.43999862670898,1170.800048828125,38.609413146972656,54.0378532409668,19123.580078125,2198.81005859375,2.368000030517578,19477570500000.0,2.35126049847558,4.440666666666667,2.3106190329222818,1.6507231506123123,324780399.1666667,2362809666666.6665,2899462500000.0
2016-12-01,26.75102424621582,963.7429809570312,53.720001220703125,1150.0,39.4339714050293,56.10017776489258,19762.599609375,2238.830078125,2.446000099182129,19544836250000.0,2.404441400848845,4.397833333333334,2.287957706357406,1.720763217752296,324951263.5833333,2375534833333.3335,2915525750000.0
2017-01-01,28.02828598022461,970.4030151367188,53.864999771118164,1201.2999877929688,40.81436538696289,58.36621856689453,19864.08984375,2278.8701171875,2.450999975204468,19612102000000.0,2.45762230322211,4.355,2.26529637979253,1.79080328489228,325122128.0,2388260000000.0,2931589000000.0
2017-02-01,31.64068603515625,1179.969970703125,54.0099983215332,1252.5999755859375,42.04547882080078,57.76133346557617,20812.240234375,2363.639892578125,2.3580000400543213,19699136500000.0,2.500029200384128,4.316750000000001,2.2894175042495535,1.8324772008964865,325265133.9166667,2400745750000.0,2948220416666.6665
2017-03-01,33.32511138916016,1071.7900390625,50.59999847412109,1247.300048828125,42.18830108642578,59.81908416748047,20663.220703125,2362.719970703125,2.3959999084472656,19786171000000.0,2.5424360975461466,4.2785,2.313538628706577,1.8741511169006932,325408139.8333333,2413231500000.0,2964851833333.3335
2017-04-01,33.32279586791992,1347.8900146484375,49.33000183105469,1266.0999755859375,46.00605010986328,62.18058776855469,20940.509765625,2384.199951171875,2.282000064849853,19873205500000.0,2.584842994708165,4.2402500000000005,2.3376597531636003,1.9158250329049,325551145.75,2425717250000.0,2981483250000.0
2017-05-01,35.4360466003418,2286.409912109375,48.31999969482422,1272.0,49.11966323852539,63.43398666381836,21008.650390625,2411.800048828125,2.196000099182129,19960240000000.0,2.6272498918701834,4.202,2.3617808776206233,1.9574989489091066,325694151.6666667,2438203000000.0,2998114666666.6665
2017-06-01,33.54651641845703,2480.840087890625,46.040000915527344,1240.699951171875,46.2628173828125,62.96634292602539,21349.630859375,2423.409912109375,2.302000045776367,20047274500000.0,2.6696567890322016,4.16375,2.3859020020776467,1.9991728649133131,325837157.5833333,2450688750000.0,3014746083333.3335
2017-07-01,34.64360809326172,2875.340087890625,50.16999816894531,1266.5999755859375,47.05005645751953,66.41015625,21891.119140625,2470.300048828125,2.2920000553131104,20134309000000.0,2.7120636861942202,4.125500000000001,2.41002312653467,2.04084678091752,325980163.5,2463174500000.0,3031377500000.0
2017-08-01,38.200443267822266,4703.39013671875,47.22999954223633,1316.199951171875,47.53474044799805,68.30107116699219,21948.099609375,2471.64990234375,2.121000051498413,20221343500000.0,2.7544705833562384,4.08725,2.4341442509916935,2.0825206969217267,326123169.4166667,2475660250000.0,3048008916666.6665
2017-09-01,36.040077209472656,4338.7099609375,51.66999816894531,1281.5,48.45434188842773,68.4078369140625,22405.08984375,2519.360107421875,2.325999975204468,20308378000000.0,2.7968774805182566,4.049,2.458265375448717,2.1241946129259333,326266175.3333333,2488146000000.0,3064640333333.3335
2017-10-01,39.52903366088867,6468.39990234375,54.53499984741211,1277.3499755859375,51.406227111816406,76.38829803466797,23377.240234375,2575.260009765625,2.375999927520752,20395412500000.0,2.839284377680275,4.01075,2.48238649990574,2.16586852893014,326409181.25,2500631750000.0,3081271750000.0
2017-11-01,40.1861457824707,10233.599609375,57.400001525878906,1273.199951171875,51.56198120117188,77.29744720458984,24272.349609375,2647.580078125,2.4170000553131104,20482447000000.0,2.8816912748422934,3.9725,2.5065076243627633,2.2075424449343464,326552187.1666667,2513117500000.0,3097903166666.6665
2017-12-01,39.71573638916016,14156.400390625,60.41999816894531,1306.300048828125,52.41938400268555,78.95011901855469,24719.220703125,2673.610107421875,2.4049999713897705,20569481500000.0,2.924098172004312,3.93425,2.5306287488197867,2.2492163609385534,326695193.0833333,2525603250000.0,3114534583333.3335
2018-01-01,39.29328918457031,10221.099609375,64.7300033569336,1339.0,58.829734802246094,87.6905746459961,26149.390625,2823.81005859375,2.720000028610229,20656516000000.0,2.96650506916633,3.896,2.55474987327681,2.29089027694276,326838199.0,2538089000000.0,3131166000000.0
2018-02-01,41.80207824707031,10397.900390625,61.63999938964844,1315.5,54.93336486816406,86.54608917236328,25029.19921875,2713.830078125,2.868000030517578,20730138166666.668,2.934615090918182,3.877083333333333,2.6396092310429586,2.2375215596254434,326962511.8333333,2538197500000.0,3129958916666.6665
2018-03-01,39.53597259521485,6973.52978515625,64.94000244140625,1322.800048828125,51.61025238037109,84.63438415527344,24103.109375,2640.8701171875,2.740999937057495,20803760333333.332,2.9027251126700335,3.8581666666666665,2.7244685888091067,2.1841528423081265,327086824.6666667,2538306000000.0,3128751833333.3335
2018-04-01,38.94216537475586,9240.5498046875,65.9900016784668,1311.4500122070312,50.68667221069336,86.72079467773438,24163.150390625,2648.050048828125,2.936000108718872,20877382500000.0,2.870835134421885,3.83925,2.809327946575255,2.13078412499081,327211137.5,2538414500000.0,3127544750000.0
2018-05-01,44.03437042236328,7494.169921875,67.04000091552734,1300.0999755859375,54.73830032348633,91.65402221679688,24415.83984375,2705.27001953125,2.822000026702881,20951004666666.668,2.838945156173737,3.820333333333333,2.8941873043414033,2.0774154076734934,327335450.3333333,2538523000000.0,3126337666666.6665
2018-06-01,43.78783798217773,6404.0,74.1500015258789,1251.300048828125,56.19085311889648,91.83708190917967,24271.41015625,2718.3701171875,2.8489999771118164,21024626833333.332,2.8070551779255886,3.8014166666666664,2.9790466621075518,2.0240466903561765,327459763.1666667,2538631500000.0,3125130583333.3335
2018-07-01,45.01318359375,7780.43994140625,71.97500228881836,1225.800048828125,61.06903076171875,98.79402160644533,25415.189453125,2816.2900390625,2.96399998664856,21098249000000.0,2.7751651996774402,3.7824999999999998,3.0639060198737003,1.97067797303886,327584076.0,2538740000000.0,3123923500000.0
2018-08-01,53.84597396850586,7037.580078125,69.80000305175781,1200.300048828125,61.29693984985352,104.61473083496094,25964.8203125,2901.52001953125,2.8529999256134038,21171871166666.668,2.7432752214292915,3.7635833333333335,3.1487653776398483,1.9173092557215434,327708388.8333333,2538848500000.0,3122716416666.6665
2018-09-01,53.58616638183594,6625.56005859375,73.25,1191.5,60.06682586669922,106.92454528808594,26458.310546875,2913.97998046875,3.055999994277954,21245493333333.332,2.711385243181143,3.744666666666667,3.233624735405997,1.8639405384042267,327832701.6666667,2538957000000.0,3121509333333.3335
2018-10-01,51.95298767089844,6317.60986328125,65.30999755859375,1212.300048828125,54.26953887939453,99.85669708251952,25115.759765625,2711.739990234375,3.1589999198913574,21319115500000.0,2.679495264932995,3.72575,3.318484093172145,1.81057182108691,327957014.5,2539065500000.0,3120302250000.0
2018-11-01,42.39132690429688,4017.2685546875,50.93000030517578,1220.199951171875,55.21850204467773,103.67108154296876,25538.4609375,2760.169921875,3.013000011444092,21392737666666.668,2.6476052866848465,3.7068333333333334,3.4033434509382934,1.7572031037695934,328081327.3333333,2539174000000.0,3119095166666.6665
2018-12-01,37.574974060058594,3742.700439453125,45.40999984741211,1278.300048828125,51.99939727783203,95.36802673339844,23327.4609375,2506.85009765625,2.686000108718872,21466359833333.332,2.615715308436698,3.6879166666666667,3.4882028087044414,1.7038343864522767,328205640.1666667,2539282500000.0,3117888083333.3335
2019-01-01,39.64739227294922,3457.792724609375,53.790000915527344,1319.699951171875,56.026641845703125,98.05338287353516,24999.669921875,2704.10009765625,2.634999990463257,21539982000000.0,2.58382533018855,3.669,3.57306216647059,1.65046566913496,328329953.0,2539391000000.0,3116681000000.0
2019-02-01,41.24575805664063,3854.785400390625,57.220001220703125,1312.800048828125,56.05948638916016,105.1893310546875,25916.0,2784.489990234375,2.7109999656677246,21524492250000.0,2.1882541244507423,4.0344999999999995,3.4574971441672715,1.6236629248915957,328596368.0,2507036666666.6665,3088402666666.6665
2019-03-01,45.44173431396485,4105.404296875,60.13999938964844,1293.0,58.56450271606445,111.21141815185548,25928.6796875,2834.39990234375,2.4140000343322754,21509002500000.0,1.7926829187129347,4.4,3.3419321218639535,1.5968601806482317,328862783.0,2474682333333.3335,3060124333333.3335
2019-04-01,48.00627136230469,5350.7265625,63.90999984741211,1282.800048828125,59.66275787353516,123.1491470336914,26592.91015625,2945.830078125,2.509000062942505,21493512750000.0,1.3971117129751274,4.765499999999999,3.226367099560635,1.5700574364048674,329129198.0,2442328000000.0,3031846000000.0
2019-05-01,41.88198852539063,8574.501953125,53.5,1305.800048828125,55.06175231933594,116.62391662597656,24815.0390625,2752.06005859375,2.1419999599456787,21478023000000.0,1.0015405072373198,5.131,3.1108020772573166,1.5432546921615033,329395613.0,2409973666666.6665,3003567666666.6665
2019-06-01,47.530723571777344,10817.1552734375,58.470001220703125,1409.699951171875,53.88239288330078,126.78504180908205,26599.9609375,2941.760009765625,2.0,21462533250000.0,0.6059693014995122,5.496499999999999,2.995237054953998,1.516451947918139,329662028.0,2377619333333.3335,2975289333333.3335
2019-07-01,51.16181182861328,10085.6279296875,58.58000183105469,1426.0999755859375,60.62017822265625,128.97132873535156,26864.26953125,2980.3798828125,2.0209999084472656,21447043500000.0,0.21039809576170487,5.862,2.8796720326506797,1.4896492036747748,329928443.0,2345265000000.0,2947011000000.0
2019-08-01,50.12915802001953,9630.6640625,55.09999847412109,1519.0999755859375,59.24325942993164,130.47610473632812,26403.279296875,2926.4599609375,1.50600004196167,21431553750000.0,-0.1851731099761027,6.227499999999999,2.7641070103473617,1.4628464594314108,330194858.0,2312910666666.6665,2918732666666.6665
2019-09-01,53.99102020263672,8293.8681640625,54.63999938964844,1515.25,60.76647567749024,132.0216064453125,26916.830078125,2976.739990234375,1.6749999523162842,21416064000000.0,-0.5807443157139103,6.593,2.6485419880440433,1.4360437151880465,330461273.0,2280556333333.3335,2890454333333.3335
2019-10-01,59.96698760986328,9199.5849609375,54.18000030517578,1511.4000244140625,62.64051818847656,136.1428680419922,27046.23046875,3037.56005859375,1.690999984741211,21400574250000.0,-0.9763155214517178,6.958499999999999,2.532976965740725,1.4092409709446825,330727688.0,2248202000000.0,2862176000000.0
2019-11-01,64.42427062988281,7569.6298828125,55.16999816894531,1465.5999755859375,64.89424133300781,143.74911499023438,28051.41015625,3140.97998046875,1.7760000228881836,21385084500000.0,-1.3718867271895254,7.324,2.417411943437407,1.3824382267013182,330994103.0,2215847666666.6665,2833897666666.6665
2019-12-01,71.00086212158203,7193.59912109375,53.364999771118164,1524.25,66.65084075927734,150.26007080078125,28538.439453125,3230.780029296875,1.919000029563904,21369594750000.0,-1.7674579329273326,7.689499999999999,2.3018469211340884,1.3556354824579542,331260518.0,2183493333333.3335,2805619333333.3335
2020-01-01,74.83560943603516,9350.529296875,51.560001373291016,1582.9000244140625,71.29812622070312,162.19891357421875,28256.029296875,3225.52001953125,1.5199999809265137,21354105000000.0,-2.16302913866514,8.055,2.18628189883077,1.32883273821459,331526933.0,2151139000000.0,2777341000000.0
2020-02-01,66.0949935913086,8599.5087890625,44.7599983215332,1564.0999755859375,66.64387512207031,154.36671447753906,25409.359375,2954.219970703125,1.1269999742507937,21548027166666.668,-1.4781889660225653,7.8294999999999995,1.8992149414861466,1.5985954685816832,331570436.6666667,2184829916666.6667,2830517500000.0
2020-03-01,61.63003158569336,6438.64453125,31.799999237060547,1624.1499633789062,57.82106018066406,150.68002319335938,21917.16015625,2584.590087890625,0.6980000138282776,21741949333333.332,-0.7933487933799903,7.604,1.6121479841415232,1.8683581989487765,331613940.3333333,2218520833333.3335,2883694000000.0
2020-04-01,71.2057113647461,8658.5537109375,18.84000015258789,1684.199951171875,67.01459503173828,171.22164916992188,24345.720703125,2912.429931640625,0.621999979019165,21935871500000.0,-0.1085086207374153,7.3785,1.3250810267969,2.13812092931587,331657444.0,2252211750000.0,2936870500000.0
2020-05-01,77.05631256103516,9461.05859375,35.4900016784668,1736.9000244140625,71.33495330810547,175.0815887451172,25383.109375,3044.31005859375,0.6480000019073486,22129793666666.668,0.5763315519051595,7.153,1.0380140694522766,2.4078836596829634,331700947.6666667,2285902666666.6665,2990047000000.0
2020-06-01,88.65270233154297,9137.9931640625,39.27000045776367,1793.0,70.56512451171875,194.97999572753903,25812.880859375,3100.2900390625,0.652999997138977,22323715833333.332,1.2611717245477343,6.9275,0.7509471121076532,2.6776463900500564,331744451.3333333,2319593583333.3335,3043223500000.0
2020-07-01,103.2920379638672,11323.466796875,40.27000045776367,1962.800048828125,74.04350280761719,196.4171142578125,26428.3203125,3271.1201171875,0.5360000133514404,22517638000000.0,1.9460118971903095,6.702,0.46388015476303,2.9474091204171495,331787955.0,2353284500000.0,3096400000000.0
2020-08-01,125.43578338623048,11680.8203125,42.61000061035156,1967.5999755859373,81.08882904052734,216.0770568847656,28430.05078125,3500.31005859375,0.6930000185966492,22711560166666.668,2.630852069832884,6.4765,0.17681319741840662,3.217171850784243,331831458.6666667,2386975416666.6665,3149576500000.0
2020-09-01,112.77828979492188,10784.4912109375,40.220001220703125,1887.5,72.93131256103516,202.00128173828125,27781.69921875,3363.0,0.6769999861717224,22905482333333.332,3.315692242475459,6.251,-0.11025375992621678,3.4869345811513366,331874962.3333333,2420666333333.3335,3202753000000.0
2020-10-01,106.01023864746094,13780.9951171875,35.790000915527344,1877.4000244140625,80.42100524902344,194.4525451660156,26501.599609375,3269.9599609375,0.8600000143051147,23099404500000.0,4.000532415118034,6.0255,-0.3973207172708402,3.7566973115184297,331918466.0,2454357250000.0,3255929500000.0
2020-11-01,115.9334945678711,19625.8359375,42.15500068664551,1885.25,87.3026123046875,205.5931854248047,29638.640625,3621.6298828125,0.843999981880188,23293326666666.668,4.685372587760609,5.800000000000001,-0.6843876746154636,4.026460041885523,331961969.6666667,2488048166666.6665,3309106000000.0
2020-12-01,129.43934631347656,29001.720703125,48.52000045776367,1893.0999755859373,87.21503448486328,214.17176818847656,30606.48046875,3756.070068359375,0.9169999957084656,23487248833333.332,5.370212760403184,5.5745000000000005,-0.971454631960087,4.296222772252617,332005473.3333333,2521739083333.3335,3362282500000.0
2021-01-01,128.72723388671875,33114.359375,52.20000076293945,1847.300048828125,90.93324279785156,223.35801696777344,29982.619140625,3714.239990234375,1.093000054359436,23681171000000.0,6.05505293304576,5.349,-1.25852158930471,4.56598550261971,332048977.0,2555430000000.0,3415459000000.0
2021-02-01,118.28936767578124,45137.76953125,61.5,1728.0999755859375,100.61447143554688,223.76242065429688,30932.369140625,3811.14990234375,1.4600000381469729,23874981166666.668,5.75982979861137,5.207416666666667,-1.25852158930471,4.779610115252271,332150846.5,2593925750000.0,3462196916666.6665
2021-03-01,119.33560943603516,58918.83203125,59.15999984741211,1713.800048828125,102.63530731201172,227.5496063232422,32981.55078125,3972.889892578125,1.746000051498413,24068791333333.332,5.46460666417698,5.065833333333334,-1.25852158930471,4.993234727884832,332252716.0,2632421500000.0,3508934833333.3335
2021-04-01,128.43109130859375,57750.17578125,63.58000183105469,1767.300048828125,117.11507415771484,243.38742065429688,33874.8515625,4181.169921875,1.63100004196167,24262601500000.0,5.16938352974259,4.92425,-1.25852158930471,5.206859340517393,332354585.5,2670917250000.0,3555672750000.0
2021-05-01,121.7389144897461,37332.85546875,66.31999969482422,1902.5,117.28177642822266,240.97463989257807,34529.44921875,4204.10986328125,1.5809999704360962,24456411666666.668,4.8741603953082,4.782666666666667,-1.25852158930471,5.420483953149954,332456455.0,2709413000000.0,3602410666666.6665
2021-06-01,134.03167724609375,35040.8359375,73.47000122070312,1770.800048828125,121.50857543945312,262.0584716796875,34502.51171875,4297.5,1.4429999589920044,24650221833333.332,4.5789372608738095,4.6410833333333334,-1.25852158930471,5.634108565782514,332558324.5,2747908750000.0,3649148583333.3335
2021-07-01,142.74134826660156,41626.1953125,73.94999694824219,1812.5999755859373,134.08544921875,275.61114501953125,34935.46875,4395.259765625,1.2389999628067017,24844032000000.0,4.28371412643942,4.4995,-1.25852158930471,5.847733178415075,332660194.0,2786404500000.0,3695886500000.0
2021-08-01,148.58370971679688,47166.6875,74.48999786376953,1783.9500122070312,144.00900268554688,292.02734375,35360.73046875,4522.68017578125,1.3040000200271606,25037842166666.668,3.9884909920050298,4.357916666666666,-1.25852158930471,6.0613577910476355,332762063.5,2824900250000.0,3742624416666.6665
2021-09-01,138.6820526123047,43790.89453125,75.02999877929688,1755.300048828125,133.03993225097656,273.2408752441406,33843.921875,4307.5400390625,1.5290000438690186,25231652333333.332,3.69326785757064,4.216333333333333,-1.25852158930471,6.274982403680196,332863933.0,2863396000000.0,3789362333333.3335
2021-10-01,146.8167724609375,61318.95703125,83.56999969482422,1783.0,147.34156799316406,321.41082763671875,35819.55859375,4605.3798828125,1.5570000410079956,25425462500000.0,3.39804472313625,4.07475,-1.25852158930471,6.488607016312757,332965802.5,2901891750000.0,3836100250000.0
2021-11-01,162.008056640625,57005.42578125,66.18000030517578,1773.5999755859375,141.2223358154297,320.4125366210937,34483.71875,4567.0,1.4429999589920044,25619272666666.668,3.10282158870186,3.9331666666666667,-1.25852158930471,6.702231628945318,333067672.0,2940387500000.0,3882838166666.6665
2021-12-01,174.28770446777344,46306.4453125,75.20999908447266,1827.5,144.1627655029297,326.56256103515625,36338.30078125,4766.18017578125,1.5119999647140503,25813082833333.332,2.80759845426747,3.791583333333333,-1.25852158930471,6.915856241577879,333169541.5,2978883250000.0,3929576083333.3335
2022-01-01,171.54930114746094,38483.125,88.1500015258789,1795.0,134.6597137451172,301.9576416015625,35131.859375,4515.5498046875,1.781999945640564,26006893000000.0,2.51237531983308,3.65,-1.25852158930471,7.12948085421044,333271411.0,3017379000000.0,3976314000000.0
2022-02-01,162.06787109375,43193.234375,95.72000122070312,1899.4000244140625,134.41436767578125,290.1213684082031,33892.6015625,4373.93994140625,1.83899998664856,26149711000000.0,2.54364037726867,3.649,-1.25852158930471,6.835223395841281,333408368.0,3020303166666.6665,3965772083333.3335
2022-03-01,171.60079956054688,45538.67578125,100.27999877929688,1949.199951171875,138.4058074951172,299.9841613769531,34678.3515625,4530.41015625,2.32699990272522,26292529000000.0,2.57490543470426,3.6479999999999997,-1.25852158930471,6.540965937472122,333545325.0,3023227333333.3335,3955230166666.6665
2022-04-01,154.93307495117188,37714.875,104.69000244140624,1909.300048828125,113.56654357910156,270.02557373046875,32977.2109375,4131.93017578125,2.88700008392334,26435347000000.0,2.6061704921398503,3.647,-1.25852158930471,6.246708479102963,333682282.0,3026151500000.0,3944688250000.0
2022-05-01,146.27487182617188,31792.310546875,105.22500228881836,1856.7000122070312,113.22069549560548,264.5282287597656,32990.12109375,4132.14990234375,2.844000101089477,26578165000000.0,2.6374355495754402,3.646,-1.25852158930471,5.952451020733804,333819239.0,3029075666666.6665,3934146333333.3335
2022-06-01,134.5612030029297,19784.7265625,105.76000213623048,1804.0999755859373,108.44452667236328,250.47640991210935,30775.4296875,3785.3798828125,2.9719998836517334,26720983000000.0,2.66870060701103,3.645,-1.25852158930471,5.658193562364644,333956196.0,3031999833333.3335,3923604416666.6665
2022-07-01,159.9439697265625,23336.896484375,98.62000274658205,1762.9000244140625,115.76652526855467,273.7948608398437,32845.12890625,4130.2900390625,2.6419999599456787,26863801000000.0,2.69996566444662,3.644,-1.25852158930471,5.363936103995485,334093153.0,3034924000000.0,3913062500000.0
2022-08-01,154.73751831054688,20049.763671875,89.55000305175781,1712.800048828125,107.70507049560548,255.0015869140625,31510.4296875,3955.0,3.132999897003174,27006619000000.0,2.73123072188221,3.643,-1.25852158930471,5.069678645626325,334230110.0,3037848166666.6665,3902520583333.3335
2022-09-01,136.206787109375,19431.7890625,79.48999786376953,1662.4000244140625,95.19487762451172,227.62049865722656,28725.509765625,3585.6201171875,3.803999900817871,27149437000000.0,2.7624957793178,3.642,-1.25852158930471,4.775421187257167,334367067.0,3040772333333.3335,3891978666666.6665
2022-10-01,151.12840270996094,20495.7734375,86.52999877929688,1635.9000244140625,94.06029510498048,226.86795043945312,32732.94921875,3871.97998046875,4.077000141143799,27292255000000.0,2.79376083675339,3.641,-1.25852158930471,4.481163728888008,334504024.0,3043696500000.0,3881436750000.0
2022-11-01,145.89500427246094,17168.56640625,80.55000305175781,1746.0,100.50946044921876,249.3563537597656,34589.76953125,4080.110107421875,3.703000068664551,27435073000000.0,2.8250258941889803,3.6399999999999997,-1.25852158930471,4.186906270518849,334640981.0,3046620666666.6665,3870894833333.3335
2022-12-01,128.2684326171875,16547.49609375,80.26000213623047,1819.699951171875,87.81019592285156,235.04417419433597,33147.25,3839.5,3.878999948501587,27577891000000.0,2.8562909516245703,3.639,-1.25852158930471,3.892648812149689,334777938.0,3049544833333.3335,3860352916666.6665
2023-01-01,142.44482421875,23139.283203125,78.65500259399414,1824.2999877929688,98.36969757080078,242.8750915527344,34086.0390625,4076.60009765625,3.5290000438690186,27720709000000.0,2.88755600906016,3.638,-1.25852158930471,3.59839135378053,334914895.0,3052469000000.0,3849811000000.0
2023-02-01,145.52491760253906,23147.353515625,77.05000305175781,1828.9000244140625,89.63147735595703,244.45301818847656,32656.69921875,3970.14990234375,3.9159998893737793,27720709000000.0,2.88755600906016,3.677,-1.25852158930471,3.59839135378053,334914895.0,3052469000000.0,3849811000000.0
2023-03-01,163.0398406982422,28478.484375,75.66999816894531,1969.0,103.23643493652344,283.2665100097656,33274.1484375,4109.31005859375,3.49399995803833,27720709000000.0,2.88755600906016,3.7159999999999997,-1.25852158930471,3.59839135378053,334914895.0,3052469000000.0,3849811000000.0
2023-04-01,167.76589965820312,29268.806640625,76.77999877929688,1990.0999755859373,106.8292465209961,301.8954162597656,34098.16015625,4169.47998046875,3.45199990272522,27720709000000.0,2.88755600906016,3.755,-1.25852158930471,3.59839135378053,334914895.0,3052469000000.0,3849811000000.0
2023-05-01,175.25051879882812,27219.658203125,68.08999633789062,1963.9000244140625,122.28536224365234,322.6565246582031,32908.26953125,4179.830078125,3.63700008392334,27720709000000.0,2.88755600906016,3.794,-1.25852158930471,3.59839135378053,334914895.0,3052469000000.0,3849811000000.0
2023-06-01,192.04718017578125,30477.251953125,70.63999938964844,1921.0999755859373,119.13043975830078,335.3258056640625,34407.6015625,4450.3798828125,3.819000005722046,27720709000000.0,2.88755600906016,3.8329999999999997,-1.25852158930471,3.59839135378053,334914895.0,3052469000000.0,3849811000000.0
2023-07-01,194.50259399414065,29230.111328125,81.80000305175781,1970.5,132.08848571777344,330.7765808105469,35559.53125,4588.9599609375,3.9590001106262207,27720709000000.0,2.88755600906016,3.872,-1.25852158930471,3.59839135378053,334914895.0,3052469000000.0,3849811000000.0
2023-08-01,186.0076141357422,25931.47265625,83.62999725341797,1938.199951171875,135.5220947265625,322.74151611328125,34721.91015625,4507.66015625,4.0929999351501465,27720709000000.0,2.88755600906016,3.911,-1.25852158930471,3.59839135378053,334914895.0,3052469000000.0,3849811000000.0
2023-09-01,169.74168395996094,26967.916015625,90.79000091552734,1848.0999755859373,130.2373504638672,311.5736999511719,33507.5,4288.0498046875,4.572999954223633,27720709000000.0,2.88755600906016,3.9499999999999997,-1.25852158930471,3.59839135378053,334914895.0,3052469000000.0,3849811000000.0
2023-10-01,169.30548095703125,34667.78125,83.375,1943.0999755859373,123.48960876464844,333.63787841796875,33052.87109375,4193.7998046875,4.875,27720709000000.0,2.88755600906016,3.989,-1.25852158930471,3.59839135378053,334914895.0,3052469000000.0,3849811000000.0
2023-11-01,188.32098388671875,37712.74609375,75.95999908447266,2038.0999755859373,131.89939880371094,373.8982849121094,35950.890625,4567.7998046875,4.352000236511231,27720709000000.0,2.88755600906016,4.028,-1.25852158930471,3.59839135378053,334914895.0,3052469000000.0,3849811000000.0
2023-12-01,191.1303253173828,42265.1875,71.6500015258789,2062.39990234375,139.02532958984375,371.81939697265625,37689.5390625,4769.830078125,3.865999937057495,27720709000000.0,2.88755600906016,4.067,-1.25852158930471,3.59839135378053,334914895.0,3052469000000.0,3849811000000.0
