Stock1,Stock2,Stock3,Stock4
0.0027747005,0.013900069,0.065783605,0.02117126
0.002614528,0.0137393745,0.06556983,0.021008242
0.013778001,0.023345415,0.073310025,0.028180588
0.0020677,0.013085951,0.064371906,0.019930813
0.0016145855,0.021124076,0.07667812,0.019330803
0.0014358461,0.020944301,0.076345615,0.019143116
0.0006990135,0.020927433,0.076472424,0.019765254
0.0012460649,0.019836348,0.074503206,0.017418962
0.0008267164,0.011751627,0.06650902,0.022309396
0.011251718,0.021523606,0.07324568,0.029297326
0.00023949146,0.010524799,0.06259377,0.018231768
0.00045903027,0.010431011,0.064246334,0.019561816
0.0105089545,0.020750862,0.07020528,0.025755737
0.00048476458,0.00965434,0.06462092,0.019389305
0.00075897574,0.016636852,0.07339037,0.01490498
0.010930866,0.019897547,0.07062827,0.025352467
0.00065885484,0.008174901,0.06626259,0.01984078
7.480383e-06,0.007668492,0.061544787,0.015557755
0.0004943162,0.0075096902,0.06519805,0.018528614
-3.1396747e-05,0.006804299,0.061528493,0.015073467
-4.6029687e-05,0.006634128,0.06152751,0.01503684
0.00029799342,0.006598864,0.06395449,0.016911972
0.010716841,0.018487316,0.06851653,0.022072513
-0.0010532439,0.015033309,0.076490186,0.017075483
-0.0010812283,0.014863734,0.07645272,0.017028462
0.011264652,0.018030632,0.069353156,0.022366557
0.00045022368,0.0054085967,0.06557755,0.017751042
0.00045379996,0.0046686796,0.06602767,0.01792537
-0.0004580319,0.001571831,0.061662477,0.014067698
-0.0010649264,0.0075601977,0.072637305,0.01303396
-0.0019951612,0.0085970955,0.07482299,0.015078116
0.012555972,0.012579252,0.06991612,0.021013651
0.012519062,0.011637573,0.06951778,0.020484362
0.00029301643,-0.0043476033,0.06268458,0.013296578
0.0006746799,-0.0058501544,0.06260365,0.012791578
-0.0019739121,0.0017380534,0.07191299,0.011678468
-0.002531156,0.0022826758,0.07312885,0.012883488
0.003219381,-0.004959542,0.0665763,0.015432347
0.015990913,0.011175317,0.07633647,0.024879921
0.014503792,0.010117692,0.07298349,0.022356901
0.014346793,0.009757367,0.07254381,0.021963734
-6.720424e-05,-0.0018821316,0.07100037,0.009440098
0.0044775754,-0.0050863433,0.066354655,0.0044279657
-0.0004684031,-0.004368316,0.07144628,0.009253141
0.01272279,0.006120872,0.06802804,0.017943177
-0.0017411262,-0.0050540525,0.07220238,0.010051254
0.003314957,-0.012851725,0.06344716,0.011166107
-0.00056791306,-0.005607243,0.07288981,0.010409068
0.00033338368,-0.0058068144,0.07302365,0.010618407
0.0062402487,-0.013110775,0.06748316,0.013495173
0.005778998,-0.013963017,0.06647735,0.0126360245
0.00024811924,-0.008079614,0.073134005,0.009782139
0.0048995465,-0.016698789,0.06410014,0.010386016
0.007684231,-0.015110369,0.068701334,0.013613958
0.005573198,-0.016759563,0.06502913,0.01092184
0.003544584,-0.018705007,0.061351176,0.008136082
0.013582334,-0.0010972054,0.06625737,0.01570316
0.016537383,9.721203e-05,0.07362083,0.019960362
0.003216222,-0.015374574,0.07688735,0.012106795
0.0054515153,-0.024689365,0.0615686,0.006615836
0.008088112,-0.02348454,0.065808654,0.009357739
0.008001715,-0.015121336,0.078972526,0.013472017
0.007830694,-0.02650233,0.064160846,0.008238513
0.009544849,-0.026194658,0.06691243,0.009825204
0.009624466,-0.026267339,0.06701152,0.00987925
0.0087813735,-0.016860712,0.08017264,0.0140727945
0.008227706,-0.027442995,0.06440184,0.008297827
0.016448349,-0.0070986035,0.06878892,0.017449606
0.027324095,-0.0016395332,0.09220685,0.031550992
0.009465367,-0.027461927,0.06633304,0.00941984
0.0104094595,-0.024966706,0.0722305,0.011947203
0.010447547,-0.025220376,0.072382174,0.01207776
0.011002779,-0.028706346,0.06830276,0.010504451
0.01345776,-0.027557481,0.07257289,0.013059255
0.013942733,-0.027502071,0.07335491,0.013518821
0.02056247,-0.008751827,0.07788918,0.021753985
0.020614237,-0.008856299,0.07794897,0.02177823
0.019231707,-0.010134104,0.074625514,0.020063836
0.018109262,-0.01028775,0.072924376,0.019229654
0.009656042,-0.030861128,0.06550846,0.009199556
0.0119721,-0.021932196,0.081849724,0.015644532
0.011684582,-0.027806867,0.070874065,0.01256245
0.010869592,-0.027910355,0.069724485,0.011958439
0.0071386993,-0.031073082,0.06103842,0.00763255
0.011515364,-0.01426174,0.05649686,0.012775023
0.0074505806,-0.023472201,0.07624884,0.01328503
0.010371789,-0.014314103,0.055583417,0.012253005
0.0074071884,-0.027587723,0.06508236,0.009996716
0.004776016,-0.03043649,0.0573448,0.006625127
0.009068012,-0.013466972,0.05729884,0.012508426
0.00635539,-0.0273634,0.063536994,0.009540621
0.0079853535,-0.013430375,0.056695804,0.012094829
0.0031277686,-0.02627812,0.068592876,0.010854278
0.004527405,-0.023912083,0.069421634,0.011986326
0.003319621,-0.028745327,0.05437644,0.006481562
0.0035864562,-0.024032813,0.067387946,0.011610407
0.002875656,-0.027913693,0.053748876,0.006631572
0.0035414398,-0.016041804,0.045828015,0.007807452
0.0027018636,-0.016783599,0.043019317,0.0067644753
0.0025590956,-0.016830374,0.042783,0.006661523
0.0041573346,-0.014006677,0.052419506,0.009970892
0.003489256,-0.025253382,0.056606174,0.007935602
0.0031657815,-0.025074776,0.05575227,0.0078116097
0.0032853037,-0.02436145,0.05599294,0.008079547
0.0032205582,-0.024306517,0.055868745,0.00808369
0.0020159483,-0.026045274,0.05268562,0.0070267655
0.0019542426,-0.02538881,0.052393682,0.00714371
0.0023142695,-0.023842368,0.053746954,0.007954348
0.0030551255,-0.021922845,0.065239236,0.013170633
0.0028192103,-0.021931816,0.065310754,0.013402525
-0.0008792281,-0.016822044,0.036016434,0.0052219816
0.00072319806,-0.024094727,0.04935044,0.0071330257
0.002695948,-0.020700749,0.06565289,0.0129974075
0.00053051114,-0.021635894,0.05009991,0.008394975
0.00035873055,-0.021861758,0.04952296,0.008197565
8.226931e-05,-0.022353616,0.048528403,0.007809911
-0.0015872568,-0.015266332,0.03448803,0.0062090494
0.0029498935,-0.019156184,0.06505479,0.013473045
-0.00055518746,-0.02270976,0.04663565,0.0073414035
0.0026672035,-0.019416254,0.065540895,0.012988772
0.002637282,-0.019303832,0.06553252,0.012975756
-0.00023922324,-0.013321045,0.032060534,0.008200098
0.0033184588,-0.021620851,0.06737247,0.012040857
0.0033088923,-0.021553468,0.06738234,0.012024064
0.0032995045,-0.021486197,0.06739244,0.012007359
-0.0010298043,-0.0132678775,0.032185584,0.007974122
-0.00031878054,-0.012184697,0.030843101,0.009069238
-0.0024612844,-0.020603526,0.0426087,0.0076744743
-0.0010994077,-0.011444288,0.030218236,0.009388749
0.0013220757,-0.015250753,0.06555086,0.012155805
0.001292184,-0.015138256,0.06554256,0.012142796
0.0015563369,-0.017022494,0.06710081,0.011182252
0.00131087,-0.012425999,0.06529929,0.012522135
-0.0023623854,-0.00951046,0.027718678,0.010966305
0.0013365448,-0.009350519,0.06533025,0.0128299035
-0.0021494776,-0.014761615,0.038115717,0.012304205
-0.0026160628,-0.008775744,0.027290732,0.011891965
-0.0016408414,-0.006909329,0.025285557,0.013928566
-0.0016679615,-0.0068641487,0.02526588,0.013987679
0.0010630935,-0.0061825695,0.06593949,0.012634274
-0.0016552508,-0.010573017,0.03352262,0.0161562
-0.0022038221,-0.009811985,0.0318408,0.01659808
-0.0037555546,-0.010234344,0.030978285,0.015440498
-0.0027316213,-0.009573105,0.030968875,0.016562004
-0.002748534,-0.009493562,0.030832276,0.016627956
-0.0035202652,-0.0090352325,0.029392287,0.016677294
0.0022986382,0.0013937546,0.06683902,0.014515389
0.014616966,0.002549578,0.071685456,0.022983257
-0.0062103868,-0.0065856758,0.027623013,0.015201677
-0.0037467927,-0.008005264,0.027615339,0.017528746
0.0027826428,0.004430015,0.066893175,0.015344005
0.002857402,0.0046195206,0.0669271,0.015438553
0.0029322207,0.004809242,0.06696113,0.015533205
-0.0053688884,-0.0039541307,0.025098369,0.018176604
-0.008911476,-0.005884576,0.028128378,0.014834616
-0.0094560385,-0.00014108734,0.04515855,0.018180255
-0.010007352,-0.006004918,0.028534159,0.013551641
-0.0103376955,-0.0060298177,0.028650612,0.013163555
-0.0028152764,-0.0040230635,0.023504168,0.020344455
-0.0027258545,-0.0038625184,0.02343215,0.020424638
-0.005618632,-0.0050370577,0.022746839,0.017449606
-0.005628556,-0.0049319,0.022662573,0.017429221
0.0033290237,0.010223259,0.0629233,0.01699477
-0.0036133975,-0.0029216441,0.022245295,0.019389037
-0.0031049103,-0.0020848396,0.02189283,0.019852389
0.0037676394,0.01122113,0.06122587,0.017752524
0.0028129518,0.011314456,0.06038879,0.016864423
0.003516391,0.01212993,0.059236407,0.017816056
-0.003395766,0.00051591976,0.019783475,0.019296441
-0.005829349,-0.0005124988,0.019237101,0.016797531
-0.0043406337,0.0008721022,0.01900433,0.018254865
-0.0062600523,0.00024161919,0.018437982,0.016266797
-0.0078698695,0.0025111255,0.023482412,0.015032563
-0.0033385307,0.003311139,0.017716803,0.019093428
-0.0042429715,0.002916303,0.01752323,0.018165965
0.0034459531,0.017125014,0.04919488,0.01942699
-0.0047133565,0.004974541,0.015723884,0.017469782
-0.0047608167,0.0091531845,0.017675325,0.016954336
-0.0071009994,0.008095202,0.020032696,0.015031222
-0.0056189448,0.006015834,0.0144518465,0.016405288
-0.004731804,0.0070643094,0.014145546,0.017252672
0.0015079677,0.01967306,0.042777218,0.018417042
-0.004516393,0.007847858,0.013674118,0.017408539
0.0021422058,0.020488609,0.04157736,0.019301947
0.0021183342,0.020579536,0.041379236,0.019309524
-0.007308051,0.008387816,0.011756837,0.014379296
0.0010648668,0.021763016,0.038294025,0.018692728
0.0010172129,0.021944638,0.037897952,0.018707853
-0.004819751,0.0115469145,0.010733828,0.016735483
-0.007868409,0.015401331,0.016744256,0.013373602
-0.00050608814,0.026766922,0.029682107,0.018888328
-0.0033456683,0.021192726,0.009311974,0.01695894
-0.004663676,0.020782437,0.010864057,0.01571593
-0.004536286,0.016603526,0.0071341023,0.016558472
-0.005739227,0.016486187,0.0068371296,0.015274126
-0.0016515404,0.032599133,0.022565544,0.019803036
-0.0064098537,0.018614892,0.0052257627,0.014341611
-0.0011461824,0.034136634,0.021525681,0.020824935
0.00042121112,0.035613988,0.02118516,0.021788452
-0.006353259,0.025138821,0.0083079785,0.014284942
-0.007153064,0.022391092,0.0025063604,0.013168547
-0.005282551,0.023247976,0.0033265203,0.015230183
-0.0051623136,0.023395304,0.0033968613,0.01536632
-0.0070711523,0.023381349,0.0018793643,0.013159249
-0.006137982,0.027873334,0.005570732,0.014576826
-0.0045588613,0.025040966,0.003566809,0.015939254
-0.0039234906,0.041033167,0.013746411,0.016907152
-0.006894082,0.025372352,0.0014561489,0.013121415
-0.006881207,0.028981443,0.006894782,0.014009614
-0.006806031,0.029308926,0.0069328323,0.014112178
-0.0066640973,0.029473301,0.0052572265,0.01417679
-0.0063020885,0.026476566,0.0017558113,0.01368076
-0.0035452545,0.044029284,0.012394898,0.017479222
-0.0034108013,0.044561926,0.012497164,0.01764677
-0.0036606193,0.028476942,0.003672883,0.016558263
-0.003632009,0.028617363,0.0036701187,0.016573984
-0.0059271455,0.031763602,0.002093479,0.014920507
-0.005979553,0.02881341,0.0015754178,0.013759244
-0.00047004223,0.04907098,0.012102768,0.018724587
-0.002157271,0.049483817,0.014525831,0.019134741
-0.004905656,0.029803146,0.002319768,0.014905933
-0.004876986,0.029943656,0.0023170486,0.0149217285
-0.0039603263,0.031016383,0.0029074103,0.015870992
-0.0039030164,0.031297315,0.0029018596,0.015902389
-0.0030407459,0.031639386,0.003516093,0.016970653
-0.0033236742,0.031715553,0.0032950342,0.016574118
0.022109061,0.051654417,0.015867047,0.02384444
0.0006122887,0.057866547,0.016132459,0.021602843
0.0007262975,0.0581589,0.016193584,0.021684255
-0.004515618,0.03408565,0.0017485544,0.014888573
0.004056886,0.06108145,0.016339399,0.022379283
0.012658045,0.06343143,0.015947416,0.023450289
0.0067959577,0.064523324,0.016970068,0.023248632
-0.0049981624,0.03711118,0.0026087537,0.0153862275
-0.0075541437,0.033228528,-0.00012464821,0.013707582
-0.009515151,0.03260238,0.00027333945,0.012970243
-0.0065059513,0.032854024,-0.0007052198,0.01350357
0.00060634315,0.058073286,0.013476767,0.01979861
-0.008910835,0.031175014,-0.00069560856,0.011833403
-0.00950703,0.031154584,-0.0002842322,0.01167037
-0.009566307,0.030999336,-0.00030191988,0.011516351
-0.008782566,0.0305476,-0.001024954,0.011300225
-0.008991569,0.030232389,-0.0008572936,0.0110089965
-0.009825468,0.029545117,-0.0002983287,0.010260183
-0.0020642579,0.052020613,0.010097355,0.015472401
-0.012013257,0.035663206,0.013002187,0.01208863
-0.012185231,0.035421465,0.012810931,0.011952508
-0.01093255,0.028759692,0.0003972873,0.009351511
-0.009104222,0.028922115,0.005362436,0.012563188
-0.0013084263,0.050700378,0.009036444,0.0142109655
-0.0013008714,0.05071714,0.009110242,0.01422425
-0.011151001,0.02822924,0.0008601621,0.00891212
-0.009441733,0.028495345,0.0015511811,0.009620432
0.0015420169,0.051804174,0.009729512,0.014991369
-0.0044918507,0.02651095,0.007917382,0.012737665
-0.010094672,0.030701738,0.008830562,0.013477702
-0.009517878,0.029096056,0.0034589022,0.00991172
-0.005770728,0.028417531,0.010760032,0.013604451
0.003576979,0.052640382,0.013829209,0.016234245
0.003075093,0.052667927,0.016542815,0.016602937
0.0031694174,0.0527126,0.01682663,0.016677547
0.0004619658,0.025933903,0.01578404,0.014381502
-0.0026979595,0.03160852,0.010806672,0.013502527
-0.005128637,0.031596664,0.01098422,0.012688372
-0.009549707,0.031910088,0.019676223,0.015242163
0.0049821883,0.053513948,0.021618731,0.018020134
-0.0010946691,0.032554675,0.013659179,0.014534045
-0.0014572889,0.032782335,0.014411747,0.014533404
0.0023889542,0.026804384,0.021879926,0.015825246
0.0039574355,0.025769752,0.022008695,0.015719894
-0.0011764169,0.033396576,0.016330726,0.014950503
0.0012718737,0.033932228,0.017809317,0.016046543
0.0031621605,0.053193647,0.026961438,0.01880679
0.0065128356,0.0542495,0.02808667,0.019771684
0.0065817684,0.05427676,0.02824109,0.01982041
0.0076462924,0.054608617,0.028512493,0.020108018
0.0033867806,0.033337977,0.019636184,0.016520444
0.00625813,0.05422129,0.029226601,0.01996817
0.002728656,0.034390297,0.020147488,0.01679409
0.006257683,0.05426469,0.030250125,0.020193402
0.0025373995,0.029078979,0.028470635,0.017558131
0.0007594526,0.03520045,0.02186811,0.01654454
0.004853338,0.034090277,0.022715054,0.017422203
0.0039569736,0.035239864,0.023025163,0.01765645
0.004900545,0.035980772,0.025355987,0.018362109
0.00898166,0.026224535,0.03287091,0.018150974
0.00502871,0.02915905,0.03345351,0.018656734
0.00957346,0.05672085,0.03778208,0.022994835
0.007880211,0.034802813,0.027925342,0.018873427
0.009332895,0.05467959,0.037793465,0.02264719
0.007970452,0.035537947,0.029052965,0.01926506
0.006354451,0.037304234,0.029195033,0.019537989
0.012674764,0.025104057,0.036821418,0.018869389
0.0093638,0.05005751,0.03503664,0.021107558
0.009282574,0.0498184,0.034994498,0.02104925
0.009302676,0.049587946,0.034831606,0.020967279
0.008848339,0.048388172,0.03467831,0.020687062
0.012140587,0.026143078,0.038681768,0.019409645
0.011607096,0.026694205,0.039190523,0.019591872
0.008541092,0.037278924,0.032223493,0.020322803
0.006583154,0.03847983,0.031731114,0.020208422
0.026541814,0.04054838,0.036504537,0.017426986
0.026436806,0.040258978,0.036443293,0.017339919
0.010044694,0.02848256,0.041163422,0.020253468
0.0033660978,0.03275207,0.041656785,0.02129962
0.0065196604,0.043865267,0.035605483,0.02144586
0.012553766,0.039621342,0.03374508,0.020142514
0.012425333,0.039261524,0.03377767,0.020215634
0.003465891,0.022628944,0.040847726,0.019696329
0.005007684,0.031482447,0.034316078,0.021437857
0.011752725,0.018356744,0.042402484,0.01923332
0.009651005,0.027131874,0.035479337,0.02132072
0.006326467,0.028939296,0.034366027,0.021442924
0.006266415,0.02857,0.03438831,0.021421839
0.008458883,0.024326738,0.035443924,0.021163795
0.008428827,0.024142098,0.03545502,0.02115317
0.006956637,0.024269525,0.035032883,0.021168146
0.0037210435,0.03224108,0.03972216,0.022671837
0.0037057698,0.031893443,0.039808802,0.022650678
0.0044136196,0.03117061,0.03900925,0.022317965
0.0060018897,0.019584585,0.03534179,0.020878676
0.005192995,0.019639421,0.03569088,0.020727444
0.0043225586,0.018263537,0.036243066,0.020474497
0.0043082833,0.018062454,0.036274128,0.02045912
0.0054716915,0.016332906,0.035974942,0.020572666
0.0062844753,0.015006159,0.035822228,0.02063309
0.004876092,0.023596723,0.040351883,0.022214506
0.0048876256,0.023412507,0.040391892,0.022221986
0.004899159,0.023228388,0.040431865,0.022229511
0.00643979,0.013423544,0.036032096,0.020540152
0.0043702126,0.022759732,0.04115002,0.02230509
0.00458239,0.021998424,0.04113371,0.022319335
0.008174181,0.00314704,0.0428691,0.018347654
0.0054952353,0.011080605,0.03661038,0.020246286
0.00373137,0.008342435,0.03772322,0.01973677
0.0034361333,0.008096342,0.03788337,0.019664872
0.009036943,0.014038746,0.038492784,0.022242103
0.009059995,0.013670457,0.038572766,0.022256989
0.0059661865,0.0024228734,0.037467994,0.019791339
0.006224707,0.0020618928,0.03739856,0.019817907
0.007569462,-0.005473058,0.04324784,0.01784842
0.0034436136,0.0032724184,0.038473226,0.019362498
0.006568387,0.011307401,0.042010017,0.022625599
0.0054585636,0.01029743,0.04505264,0.023587827
0.006846428,0.0093065845,0.042430215,0.022772554
-0.0020706356,-0.009793746,0.044216074,0.017333645
0.006015435,0.00714567,0.04544563,0.02373505
0.006034404,0.006966811,0.045496665,0.023752455
0.009358883,-0.013195056,0.04377412,0.017405901
0.0026167184,-0.005463037,0.039911225,0.01865435
0.0045557916,-0.0072278786,0.039275147,0.018913869
0.0040733814,-0.007783312,0.039555736,0.018786747
0.004059121,-0.007984581,0.0395867,0.01877128
0.0040448606,-0.008185702,0.03961774,0.01875605
0.005501032,-0.00924855,0.039107755,0.018967498
0.004857138,-0.009918879,0.039473504,0.018802125
0.0078038275,-0.0021948325,0.046298258,0.024073739
0.006888196,-0.020677026,0.04394669,0.01696882
0.0031308085,-0.014355573,0.040778555,0.018192742
0.00013169646,-0.022881206,0.045371063,0.016422126
0.00011013448,-0.023264695,0.045424037,0.01639222
0.007272035,-0.0056863534,0.049334466,0.02505273
0.008318692,-0.0070272493,0.047668517,0.024540383
0.010497451,-0.02510013,0.045887314,0.017387394
0.009490252,-0.025148775,0.04565262,0.0173097
0.0017727166,-0.018363971,0.043212138,0.018906508
0.0077741593,-0.0066566053,0.051636837,0.026024226
0.0077221245,-0.0077678147,0.049407713,0.025091637
0.0016042143,-0.026353706,0.044927277,0.016384859
0.004997179,-0.021211449,0.04301744,0.019447062
0.0050371587,-0.021368798,0.043117397,0.019488964
0.005077064,-0.021526191,0.04321731,0.019530822
0.005217463,-0.022001546,0.04351689,0.01965921
0.00365749,-0.022063788,0.04372803,0.019536633
0.00369744,-0.022221077,0.043827936,0.01957861
0.004508361,-0.023555856,0.044623844,0.01997574
0.008063942,-0.029267158,0.046390496,0.017370868
0.005529225,-0.025225427,0.045618594,0.020473097
0.008550927,-0.014082204,0.051442146,0.025821332
0.0058069527,-0.027839113,0.04731989,0.021135215
0.007882804,-0.028461304,0.04750596,0.021470193
0.002626881,-0.03584971,0.04832343,0.016330931
0.012183413,-0.019299675,0.053549707,0.026844088
0.007591203,-0.031894747,0.04981228,0.022281978
0.0038800389,-0.038625125,0.049373128,0.016542379
0.020076111,-0.020621818,0.051181436,0.026771355
0.022372171,-0.020773042,0.05057857,0.026857901
-0.0008149594,-0.043908786,0.04987996,0.013804872
0.00757803,-0.03744301,0.05055751,0.020670447
0.009577364,-0.038940717,0.05002884,0.019894991
0.009573594,-0.039237496,0.049900234,0.019637767
0.0062109083,-0.040912468,0.04917328,0.017547626
0.0111025125,-0.033178527,0.05229094,0.019850004
0.010034084,-0.041953396,0.050053522,0.018727858
0.0071642995,-0.041651826,0.050048918,0.018289868
0.0067162067,-0.041167293,0.05082067,0.018400151
0.008151755,-0.04186854,0.050615594,0.018683512
0.00818789,-0.041816536,0.05079577,0.018742818
0.011698633,-0.034659702,0.052257054,0.019984964
0.009238109,-0.041703667,0.052312724,0.019418214
0.008761898,-0.04348443,0.047768958,0.0145965405
0.0011231154,-0.04281335,0.056128167,0.015088785
0.01151301,-0.04260722,0.0525404,0.02002247
0.011807635,-0.04263472,0.052808695,0.020167802
0.012890756,-0.039361153,0.046247527,0.017575625
0.011633277,-0.041578207,0.054938994,0.020763997
0.015369445,-0.04234087,0.056513794,0.021987561
0.013954252,-0.040952843,0.049775563,0.019434098
0.014157414,-0.0422885,0.04692602,0.01820049
0.015965015,-0.04072595,0.050169997,0.01773249
0.017011419,-0.041860234,0.05887022,0.023167793
0.018298253,-0.04199476,0.05823622,0.023183618
0.017073885,-0.039743464,0.052076317,0.019043002
0.018164977,-0.041470308,0.059397988,0.024327297
0.020682678,-0.04084104,0.05962371,0.02616148
0.018151015,-0.03797091,0.05631035,0.021465112
0.017312244,-0.04870614,0.04381948,0.018087152
0.022532761,-0.04073256,0.05905079,0.02676301
0.022628129,-0.040701795,0.0590738,0.026847113
0.024270445,-0.039730858,0.060390987,0.029225621
0.02048771,-0.035227556,0.07441581,0.029050563
0.027208596,-0.04007793,0.06106641,0.03002492
0.020774424,-0.05280452,0.059277713,0.025410984
0.025495246,-0.03561731,0.06653852,0.027447287
0.027347341,-0.040426258,0.063631766,0.031224985
0.024123102,-0.0359591,0.07138189,0.028732065
0.024993375,-0.04403161,0.06454446,0.03134345
0.02501057,-0.060264107,0.063404,0.025132213
0.025754675,-0.061475668,0.064220786,0.02516796
0.02301523,-0.054341022,0.0651272,0.03101464
0.023082048,-0.057244945,0.06502516,0.030834246
0.024634942,-0.062631324,0.07250671,0.030501116
0.019770011,-0.051834103,0.077016525,0.029776532
0.023400962,-0.060769383,0.06479987,0.030582074
0.024071172,-0.067025274,0.07410556,0.03106821
0.019471914,-0.06706273,0.066481896,0.03086749
0.022009581,-0.06608495,0.06525881,0.030464698
0.021934524,-0.066408396,0.06528257,0.030456219
0.021863714,-0.06672516,0.06531241,0.030452255
0.018851101,-0.069226444,0.067055464,0.031055499
0.023370057,-0.056444075,0.073860176,0.029375184
0.02250515,-0.057917643,0.0743834,0.029362042
0.020294666,-0.070769615,0.066576794,0.030872438
0.020195723,-0.07133574,0.066696934,0.030910958
0.024329036,-0.07503088,0.076778375,0.03149638
0.021856412,-0.061875436,0.07451592,0.029231224
0.021781415,-0.062199492,0.074543454,0.029221777
0.01815854,-0.07669193,0.06835218,0.031460453
0.015720412,-0.07358101,0.07811316,0.029085476
0.02077572,-0.08916834,0.082247056,0.03413992
0.016668126,-0.086438656,0.07032115,0.032087717
0.02062118,-0.09062098,0.082769565,0.03431237
0.012644991,-0.082358636,0.07965102,0.028888945
0.020965427,-0.09328914,0.08187567,0.033691395
0.019846484,-0.09445294,0.083718084,0.034755904
0.015252873,-0.09084053,0.07770598,0.029720712
0.016082153,-0.10615125,0.081028864,0.028127078
0.017121017,-0.09393416,0.07647313,0.030258927
0.010858521,-0.112210706,0.06856375,0.025199357
0.013548732,-0.113202125,0.0812594,0.026933629
0.013619348,-0.11376794,0.08101279,0.026886437
0.013891369,-0.114854954,0.07980058,0.026189465
0.008921653,-0.12503809,0.06794581,0.021310095
0.008792758,-0.12717001,0.06857163,0.021564458
0.008832708,-0.12801217,0.070798405,0.023772288
0.0151397735,-0.13271491,0.07733218,0.029061291
0.018764079,-0.11021516,0.076492436,0.03219797
0.010840267,-0.13382156,0.07036004,0.024416436
0.011060074,-0.134647,0.07032189,0.024515945
0.017493606,-0.11357049,0.07849814,0.033253152
0.017834604,-0.115413286,0.07991129,0.03489435
0.018115297,-0.11570701,0.08012912,0.035142306
0.0168854,-0.14096792,0.06985991,0.025190894
0.01692219,-0.14811353,0.07247235,0.029266048
0.016971707,-0.14874008,0.07308672,0.029922772
0.025544569,-0.12210696,0.08252925,0.03780586
0.018415228,-0.15672939,0.07023838,0.029694859
0.01497446,-0.14961919,0.067078196,0.023883391
0.013177931,-0.14860843,0.06825382,0.024483088
0.014637649,-0.15034641,0.067249544,0.02404422
0.015705466,-0.1524446,0.0664709,0.023766879
0.026815966,-0.12465471,0.08191271,0.03709342
0.020696,-0.1632103,0.06645802,0.028753344
0.015151963,-0.15431437,0.06671643,0.024066675
0.015912116,-0.15846531,0.06602019,0.0240095
0.016611412,-0.16061522,0.06546879,0.023868848
0.022754818,-0.17267849,0.0650704,0.0307259
0.018314287,-0.163512,0.06425074,0.023402814
0.018733338,-0.1657794,0.063867986,0.02337009
0.026605234,-0.13609277,0.077437095,0.03319641
0.016612068,-0.16550477,0.065207064,0.024126668
0.019785792,-0.1756887,0.062681586,0.023510534
0.02326876,-0.15146068,0.06991649,0.028418157
0.031983912,-0.18822668,0.054381482,0.027318548
0.021558583,-0.16040112,0.06545609,0.02581722
0.020534337,-0.16126014,0.06492651,0.025491808
0.02783341,-0.19655432,0.05211622,0.027207013
0.024888262,-0.19762196,0.051715843,0.026742611
0.024969578,-0.19837107,0.051313784,0.026624713
0.019360423,-0.1747535,0.058507465,0.021826375
0.026171178,-0.20377639,0.048378233,0.025833022
0.021710277,-0.19374345,0.06051556,0.023764033
0.020572305,-0.19006819,0.05168846,0.01804519
0.0206462,-0.1912194,0.0511824,0.017767284
0.020088136,-0.19377643,0.049510762,0.016643096
0.022220954,-0.20470765,0.056301374,0.020358358
0.032439753,-0.221723,0.03513095,0.020025823
0.030700944,-0.22191142,0.034893602,0.019801896
0.02954086,-0.22202513,0.034999028,0.019634288
0.024261124,-0.22103757,0.03981226,0.020528201
0.016471744,-0.21145956,0.05239687,0.01568355
0.024553865,-0.22667752,0.035125554,0.017798502
0.010933116,-0.21845493,0.045579918,0.010634597
0.021850556,-0.2308875,0.03707295,0.017851498
0.021915242,-0.23218481,0.03638013,0.017369192
0.016947314,-0.2188388,0.038946394,0.010656524
0.008180693,-0.22274844,0.0425009,0.007957544
0.014927998,-0.22445293,0.035777904,0.0074490644
0.02258131,-0.23781125,0.03380584,0.015513714
0.0068075135,-0.2294222,0.040026993,0.006142091
0.021865226,-0.24473624,0.040041123,0.018063162
0.019827843,-0.23390679,0.037106004,0.012441907
0.02020076,-0.23497252,0.03713398,0.0127539225
0.020247951,-0.23544176,0.041250415,0.010805223
0.021369673,-0.25023094,0.037850507,0.016430568
0.02666223,-0.2456898,0.027585242,0.011769455
0.02276899,-0.24199434,0.038800333,0.015123729
0.021993928,-0.2552683,0.037701484,0.016015347
0.021787122,-0.25716612,0.03636607,0.015196849
0.010826364,-0.24446405,0.047402695,0.012753908
0.025509402,-0.25749555,0.041996084,0.01982848
0.049135678,-0.24677926,0.04349375,0.032133143
0.028324075,-0.26070154,0.04122777,0.02182692
0.011169724,-0.26087183,0.0484531,0.011558507
0.027171582,-0.2626599,0.047563497,0.016814474
0.026083365,-0.26353315,0.04226806,0.017906789
0.025653318,-0.26488823,0.041753385,0.017495204
0.024907961,-0.26675978,0.040949173,0.016978163
0.02274169,-0.28205198,0.03707374,0.014332358
0.00966014,-0.2716355,0.0444159,0.008155663
0.009276576,-0.27890566,0.04206245,0.005699087
0.021412782,-0.30189356,0.03157503,0.0111740865
0.021507487,-0.30269802,0.031312503,0.011122253
0.019242525,-0.28507861,0.041757684,0.012130115
0.019888863,-0.28559786,0.04278823,0.012884352
0.021031529,-0.2862514,0.04459761,0.01424839
0.009666666,-0.29964593,0.03732549,0.0014657117
0.023671225,-0.3188392,0.031466894,0.011227999
0.021976769,-0.29198563,0.04633969,0.014775712
0.0238192,-0.3226633,0.03168052,0.011000279
0.011868551,-0.3095051,0.03916937,0.0034519918
0.024593912,-0.33418456,0.03256692,0.010611568
0.01310347,-0.3130571,0.039844077,0.004430983
0.021093085,-0.30299476,0.04548439,0.012387935
0.013479009,-0.31455496,0.04069469,0.004753638
0.020505235,-0.30737063,0.044776298,0.011140797
0.022873923,-0.3091111,0.048545074,0.013923753
0.022899404,-0.30958644,0.04860723,0.013900805
0.018006682,-0.3281548,0.044059258,0.008376915
0.021882236,-0.31976813,0.047444668,0.011433724
0.02262482,-0.31966048,0.04865578,0.012388874
0.022650361,-0.3201358,0.048718024,0.012365896
0.02637285,-0.36179802,0.035803154,0.0094109215
0.026204675,-0.36104575,0.037251502,0.009058896
0.027001642,-0.36686713,0.037840232,0.009578232
0.027053162,-0.36742175,0.038025394,0.009648595
0.02273485,-0.34515682,0.04783238,0.012447778
0.026702523,-0.33585712,0.053514652,0.015387762
0.028198361,-0.34030023,0.054549273,0.016581822
0.028324872,-0.36914796,0.052320667,0.017668996
0.029254109,-0.37077293,0.052821796,0.018229026
0.032308012,-0.35347185,0.058881544,0.019920174
0.032857284,-0.35492316,0.058983117,0.020347837
0.033229664,-0.35622302,0.05953989,0.020656813
0.03187701,-0.4014006,0.045077126,0.015588958
0.031817287,-0.4040359,0.04549014,0.015796129
0.030597001,-0.3833433,0.05432792,0.020048637
0.03430742,-0.36322373,0.06082491,0.021762628
0.03231813,-0.4123103,0.047351673,0.017229471
0.03029406,-0.39830145,0.054870192,0.020841483
0.030912533,-0.39914,0.055318438,0.021344695
0.03331244,-0.42422673,0.051664427,0.020389874
0.03338565,-0.42563817,0.05237054,0.020676378
0.031391606,-0.40595493,0.055971287,0.02215137
0.031728163,-0.40909782,0.056348428,0.022606764
0.033038825,-0.43430382,0.054856442,0.021368269
0.0331731,-0.43658638,0.053883523,0.022055957
0.032978803,-0.43713608,0.05528475,0.021713693
0.032962605,-0.43765372,0.055400547,0.021765132
0.03549318,-0.39531362,0.06453509,0.024559353
0.03132859,-0.42160717,0.056705847,0.023164291
0.031231672,-0.42250088,0.056341454,0.022716302
0.030711174,-0.4259649,0.055471137,0.021685306
0.03063424,-0.42907912,0.055736326,0.02204566
0.030057386,-0.43570158,0.055193067,0.021451209
0.030005887,-0.43624607,0.05513742,0.021388788
0.032420844,-0.4599057,0.059352234,0.02347729
0.03268358,-0.45922187,0.06099669,0.024208207
0.032295406,-0.4654642,0.060302883,0.023585785
0.03227061,-0.46762037,0.06050492,0.023625348
0.03217569,-0.47199094,0.06122645,0.02371024
0.027849153,-0.4572854,0.052251242,0.017313544
0.031947345,-0.48091504,0.062939614,0.023887087
0.03410779,-0.4415504,0.06512404,0.023047645
0.04239236,-0.47160038,0.07965813,0.0391579
0.03306295,-0.49047887,0.06791159,0.02602506
0.03309767,-0.49106568,0.06805412,0.026065815
0.027093932,-0.47265056,0.0515692,0.015349809
0.028112516,-0.47056305,0.05248005,0.016026814
0.028290167,-0.47015038,0.05262371,0.016131286
0.034862414,-0.44352958,0.064807914,0.02196877
0.034927145,-0.4433501,0.06484883,0.021996606
0.034991905,-0.44317073,0.06488977,0.022024322
0.029047564,-0.4681104,0.053148948,0.016499806
0.029541418,-0.46670163,0.05346673,0.016718034
0.033617705,-0.48705623,0.06587206,0.02433874
0.03482698,-0.44401097,0.06474195,0.02190395
0.034132212,-0.48676673,0.06534052,0.024390105
0.034557715,-0.48530132,0.06535031,0.024428237
0.032651648,-0.46067712,0.05635702,0.018882323
0.032336637,-0.45870602,0.0552594,0.017948005
0.033065155,-0.46010652,0.056813195,0.019234125
0.03316866,-0.45996436,0.056927443,0.019322101
0.033513322,-0.45849782,0.05699844,0.019340325
0.03924696,-0.4311192,0.06760857,0.023884509
0.03356941,-0.45577142,0.056234688,0.018654395
0.034085825,-0.4556502,0.056988604,0.019257475
0.03711103,-0.476507,0.06541105,0.024656761
0.037234366,-0.4761199,0.06540187,0.024668071
0.0349973,-0.4530945,0.05758918,0.019672874
0.03582652,-0.4531518,0.058878437,0.020710442
0.03997661,-0.4299954,0.0678742,0.024279553
0.04020627,-0.42921335,0.06805269,0.02436157
0.037656978,-0.44260135,0.064890556,0.024213571
0.03646563,-0.45,0.058875635,0.020624954
0.038461715,-0.47213563,0.06535366,0.024779294
0.0373746,-0.45040587,0.060395718,0.021857802
0.04063098,-0.43187785,0.06734916,0.025181998
0.041288957,-0.4646379,0.06804682,0.027205978
0.040143758,-0.4662622,0.06629954,0.025521938
0.04165128,-0.46222493,0.066996105,0.026340414
0.04362394,-0.42247403,0.06947451,0.026382137
0.041625217,-0.43806982,0.063066654,0.023678962
0.042218044,-0.46151078,0.0647064,0.025127966
0.04207726,-0.43707332,0.06344894,0.023959938
0.043985903,-0.45493048,0.0671952,0.02684087
0.044042602,-0.4547383,0.067187,0.0268416
0.04419686,-0.43147448,0.06495321,0.025021259
0.04440652,-0.4312025,0.06518975,0.02520438
0.044764563,-0.43098342,0.06567041,0.025584955
0.04428059,-0.45431367,0.06478489,0.025312204
0.045261845,-0.43018463,0.0661838,0.025976572
0.046282336,-0.42751077,0.06691476,0.026493479
0.045414448,-0.44866627,0.06536611,0.025404517
0.04685855,-0.42527354,0.06710069,0.026583973
0.04716094,-0.42481142,0.06742016,0.026828531
0.048473805,-0.42163214,0.06844179,0.027565856
0.047019497,-0.44624075,0.06441673,0.02556469
0.04722394,-0.44471315,0.0646837,0.025578592
0.051126823,-0.40282276,0.072933726,0.030830149
0.04777956,-0.44427285,0.06422775,0.02563617
0.05025968,-0.41992515,0.070647635,0.029293854
0.051094145,-0.4182219,0.071395904,0.029850427
0.051543534,-0.41483602,0.07102936,0.029466454
0.05163239,-0.4146296,0.07110115,0.029518683
0.052512243,-0.4004136,0.07322071,0.031890754
0.05066605,-0.41177484,0.07160301,0.031063784
0.05219257,-0.428611,0.06812319,0.030353267
0.053092375,-0.4109043,0.0721782,0.030285988
0.05142349,-0.4316453,0.0643386,0.025962044
0.05148521,-0.43145165,0.0643341,0.025967766
0.056274056,-0.4051917,0.07527519,0.0326248
0.05156812,-0.4182499,0.06990396,0.032938648
0.05296357,-0.42806342,0.063826874,0.026109222
0.0580671,-0.40113854,0.07676052,0.03371154
0.055112004,-0.41666612,0.06618825,0.029929567
0.058044314,-0.4094405,0.06805954,0.03411198
0.055458322,-0.42137954,0.06548349,0.027115721
0.056307733,-0.39651594,0.073783554,0.033694167
0.056114376,-0.41771206,0.06560684,0.02703597
0.05935149,-0.3916901,0.07627295,0.03325412
0.05932443,-0.3887196,0.07549524,0.032622088
0.0581533,-0.38008225,0.07399515,0.033170138
0.059405833,-0.3809271,0.07373386,0.031204868
0.061406404,-0.39077052,0.07013988,0.03204407
0.06732789,-0.3744793,0.07413332,0.04147135
0.05971989,-0.39318812,0.068735056,0.028427545
0.05650243,-0.37924504,0.06951954,0.030828271
0.054375395,-0.38996145,0.06684474,0.030626688
0.059442416,-0.39223832,0.06526714,0.025286574
0.059490025,-0.3690721,0.07098178,0.02898604
0.0598671,-0.36746052,0.07127456,0.029260684
0.060019627,-0.3654543,0.07097636,0.029017303
0.059944525,-0.35402295,0.07166672,0.029759098
0.059969038,-0.3536105,0.0716177,0.029710356
0.060343355,-0.36291245,0.070742115,0.028819535
0.061264202,-0.36283663,0.07191081,0.029757608
0.06011659,-0.36193082,0.07019785,0.028378446
0.06049642,-0.34688792,0.07115566,0.029040564
0.06068605,-0.3568158,0.069620885,0.027895395
0.061172083,-0.37483725,0.06450584,0.023562957
0.061377138,-0.34685108,0.06795702,0.026520345
0.059590384,-0.33901963,0.06657494,0.02675331
0.06030169,-0.33048955,0.06610043,0.025944937
0.06533441,-0.33062702,0.06890216,0.0272162
0.06429228,-0.34969667,0.06401055,0.021676812
0.061080888,-0.3247474,0.06657748,0.0256971
0.06492214,-0.32556316,0.06707155,0.02572665
0.06498064,-0.32514137,0.06703889,0.025698666
0.062680975,-0.31104922,0.06702971,0.024850864
0.06684166,-0.3205446,0.06826119,0.026662339
0.06695877,-0.31970096,0.06819597,0.026606712
0.0652747,-0.33757365,0.06342024,0.02033699
0.0679227,-0.3111818,0.06725478,0.0258178
0.06798123,-0.3107599,0.067222215,0.02578995
0.064743474,-0.2960874,0.06640075,0.024035413
0.06842978,-0.30565718,0.06681041,0.025424633
0.06539993,-0.2938172,0.06680301,0.024388794
0.06887509,-0.31834155,0.06564443,0.02103934
0.07146308,-0.29794097,0.06977991,0.027731258
0.07027215,-0.31133494,0.066976674,0.021642674
0.06899716,-0.28108612,0.06964057,0.026477758
0.07230082,-0.2911866,0.069627665,0.027559537
0.06915307,-0.27852464,0.069681525,0.026134629
0.072135344,-0.2902085,0.069171324,0.02718899
0.0707497,-0.2752956,0.071039766,0.027584407
0.07355888,-0.28434482,0.07009322,0.027879182
0.07410753,-0.28271243,0.07058059,0.02825496
0.0732528,-0.268448,0.07309614,0.029471759
0.07516864,-0.27641788,0.07086317,0.028432954
0.0747149,-0.29323828,0.07093396,0.02393004
0.07689804,-0.27200937,0.07255442,0.029746566
0.076823264,-0.2852976,0.07276876,0.025072183
0.075213864,-0.28426078,0.07184197,0.023576219
0.07652868,-0.28350177,0.07270629,0.024657194
0.07923922,-0.26393875,0.07452906,0.031192143
0.07788049,-0.27876243,0.07385917,0.025420558
0.079090446,-0.2579613,0.07409133,0.030256663
0.080110356,-0.2562255,0.07518042,0.031157527
0.08050394,-0.2546327,0.07555944,0.031386156
0.07933435,-0.27177224,0.07522543,0.026075091
0.08231643,-0.263262,0.07988578,0.030842673
0.0825862,-0.2621928,0.080117956,0.030963164
0.083157435,-0.25408012,0.08175221,0.039686296
0.082390115,-0.23121582,0.07999103,0.033546377
0.08153196,-0.25575814,0.07805103,0.027201626
0.08339475,-0.24945626,0.080468506,0.029767547
0.08300559,-0.25288174,0.07875827,0.027618904
0.085510775,-0.23207927,0.08079182,0.034132693
0.08652122,-0.23097774,0.082412034,0.035240162
0.084821,-0.2296248,0.081433244,0.033460606
0.08507964,-0.24725254,0.08295308,0.02982508
0.08445218,-0.2454689,0.083129704,0.029441949
0.087137595,-0.22550403,0.08601743,0.03604107
0.08641131,-0.21435769,0.08728367,0.03731357
0.08600585,-0.2230419,0.086216934,0.034897257
0.083615005,-0.2396131,0.0854509,0.02958456
0.0840898,-0.2396595,0.085847504,0.029971648
0.086042956,-0.22183618,0.08691146,0.034968395
0.08441946,-0.23921558,0.08651097,0.030390207
0.08572318,-0.20546888,0.088066034,0.03526238
0.084944546,-0.22078139,0.086377785,0.033823434
0.08783656,-0.21979387,0.08983496,0.03693636
0.0866635,-0.21951777,0.088801414,0.03569131
0.084675595,-0.21899264,0.0870813,0.03358308
0.08510652,-0.21856783,0.087747745,0.03405409
0.08676319,-0.21797144,0.08974485,0.03583813
0.08791067,-0.2173826,0.0912239,0.03707846
0.08054176,-0.23143817,0.08700611,0.02818906
0.08562489,-0.20113362,0.09023389,0.035274405
0.0866463,-0.21473314,0.09139179,0.035797972
0.085861966,-0.20234017,0.09120807,0.036165167
0.0863525,-0.20635356,0.09220833,0.0378584
0.08587441,-0.2013904,0.091938905,0.036312763
0.085871324,-0.2012857,0.0919859,0.03631011
0.08321467,-0.22833812,0.09097721,0.030854005
0.08334586,-0.22790842,0.09133196,0.0310322
0.085546926,-0.19751902,0.0920711,0.0353013
0.08336681,-0.22702001,0.09184502,0.03119414
0.085624605,-0.19762933,0.09258122,0.03562117
0.081985205,-0.22359607,0.09237597,0.030516509
0.087323874,-0.20761313,0.09595621,0.03670724
0.08630431,-0.20719303,0.095156,0.035629917
0.082580954,-0.2213732,0.094053894,0.03132085
0.08420105,-0.22170503,0.095819086,0.032912347
0.085936576,-0.19625773,0.095848195,0.03708789
0.08331379,-0.21872239,0.09632026,0.03244259
0.08431056,-0.21675465,0.09866906,0.033806626
0.08430931,-0.21662687,0.09873733,0.033825267
0.08521421,-0.18743303,0.096330345,0.034884725
0.08622621,-0.20176934,0.09803322,0.03568821
0.0852187,-0.18709458,0.09659146,0.03493758
0.087655306,-0.20046327,0.100187466,0.037247915
0.086678684,-0.20025106,0.09931732,0.036210883
0.08780943,-0.1993396,0.10095538,0.03744181
0.082095444,-0.21239722,0.098307975,0.03219459
0.08714251,-0.19840391,0.10079232,0.036754165
0.0887717,-0.19748743,0.10293618,0.03851739
0.08068234,-0.20945229,0.09856321,0.03139242
0.08068018,-0.20932578,0.09862633,0.031407353
0.085260525,-0.18420877,0.09884077,0.035402615
0.08492127,-0.18007658,0.099059634,0.034367
0.086141214,-0.19482349,0.10173304,0.035778943
0.0794196,-0.20380312,0.10004914,0.030706372
0.08053507,-0.20457645,0.100922346,0.031895515
0.08612943,-0.19052418,0.10186058,0.038909096
0.08435017,-0.17659606,0.09990151,0.033983443
0.086474195,-0.19110774,0.104023404,0.036654327
0.08277035,-0.20285352,0.10456687,0.034787815
0.08251858,-0.20230322,0.10459748,0.034692895
0.0828972,-0.17336494,0.09955144,0.03322706
0.082804784,-0.17335393,0.09965704,0.03327467
0.0860351,-0.18613775,0.10608798,0.037513588
0.08468133,-0.18465756,0.105457485,0.036530007
0.08619054,-0.18401448,0.10731948,0.038228188
0.077872455,-0.19456904,0.10341909,0.031896096
0.07691659,-0.19304202,0.10314655,0.031131592
0.07979171,-0.17742382,0.10413425,0.03347281
0.080899715,-0.17687239,0.105541326,0.034740437
0.07996605,-0.17648925,0.104784176,0.033894736
0.07519686,-0.18619184,0.10499139,0.031341065
0.08301929,-0.16185084,0.112459525,0.04085118
0.07385352,-0.1822698,0.10561921,0.030952755
0.07346627,-0.18018694,0.10636329,0.031078931
0.081050366,-0.14864154,0.113170825,0.038342435
0.080871135,-0.16350009,0.11326086,0.03782483
0.07694635,-0.16323516,0.10905097,0.03405543
0.07658613,-0.16040586,0.11031108,0.034354124
0.077584386,-0.15521981,0.114465535,0.036520127
0.08067486,-0.15294603,0.11923773,0.040058557
0.08062905,-0.15259285,0.11939411,0.04009505
0.07325411,-0.16542445,0.11488282,0.034200985
0.07322818,-0.16505657,0.11506938,0.03425635
0.0797703,-0.14587556,0.12238201,0.040800724
0.06989108,-0.16061643,0.11352374,0.03183459
0.07962702,-0.14291348,0.12396129,0.04134168
0.0751265,-0.14338219,0.118680306,0.036841873
0.072847575,-0.15510546,0.120515734,0.036102656
0.083570436,-0.12519687,0.12802431,0.048365433
0.079687566,-0.11355051,0.12698159,0.04377051
0.07973613,-0.11269975,0.1274397,0.04402225
0.06621796,-0.14365284,0.11876071,0.034060124
0.07043715,-0.1436583,0.124177545,0.037307937
0.08007206,-0.10923698,0.13089427,0.04577679
0.07172504,-0.13765667,0.12935416,0.040088046
0.07224505,-0.12201466,0.12800482,0.040029753
0.07214336,-0.12981586,0.13449314,0.042746518
0.07211302,-0.12940915,0.13469279,0.04284433
0.07490243,-0.11576458,0.13462844,0.044141132
0.07093209,-0.12509376,0.13570839,0.043220524
0.071120545,-0.12395327,0.1366198,0.043705497
0.07416764,-0.1078442,0.1384529,0.045865078
0.07097465,-0.11635009,0.14089446,0.04585858
0.07035871,-0.11060317,0.14347586,0.04709654
0.0703534,-0.11020371,0.1437036,0.0472115
0.07125549,-0.09983094,0.13967234,0.045628656
0.07271899,-0.09833986,0.14241078,0.047452245
0.07190707,-0.10441205,0.1449356,0.048847843
0.07190165,-0.10399907,0.1450867,0.048940647
0.078062475,-0.06959513,0.14805275,0.0535605
0.07849653,-0.06901193,0.1497629,0.05451869
0.07123302,-0.09866805,0.14756331,0.050077964
0.07394889,-0.08569297,0.15108913,0.052185316
0.0739561,-0.08527716,0.1513122,0.052297864
0.078010306,-0.061630268,0.15266755,0.055789907
0.07172917,-0.091612644,0.14963096,0.051725063
0.071749076,-0.09078492,0.14990705,0.051914398
0.07179794,-0.079396665,0.15093687,0.051372815
0.07471174,-0.07510241,0.15768003,0.05569898
0.06497982,-0.08320504,0.15264538,0.05111732
0.07456522,-0.07267249,0.15868972,0.05614691
0.07842326,-0.052368794,0.15951788,0.059241865
0.07860288,-0.05221844,0.16017112,0.05961189
0.07962315,-0.04860683,0.16252638,0.062163863
0.080460265,-0.049270723,0.16180977,0.063143775
0.06899534,-0.07483776,0.15797514,0.055239115
0.066959366,-0.07289631,0.16044691,0.055468995
0.06970014,-0.07190188,0.1583991,0.055975754
0.07783179,-0.04249357,0.16316432,0.061391223
0.07401401,-0.057203326,0.16419604,0.05800355
0.07657565,-0.04990728,0.16948697,0.060137335
0.076356575,-0.04829755,0.16923675,0.059641484
0.07586691,-0.03393251,0.1610829,0.060196284
0.07581943,-0.04753444,0.16868556,0.05920208
0.074903145,-0.046458233,0.16766033,0.05842333
0.07558003,-0.042881098,0.16957864,0.05950891
0.07680829,-0.04167028,0.17051047,0.06074143
0.07588957,-0.027223904,0.16230793,0.06082805
0.07533628,-0.03943749,0.16956799,0.059609566
0.07722396,-0.03773087,0.17099267,0.061489318
0.07417819,-0.038350593,0.16879493,0.058656264
0.08494879,-0.02365065,0.1664665,0.06859954
0.077925265,-0.030313563,0.1695402,0.06341502
0.07732478,-0.032329652,0.17097478,0.061780337
0.07674749,-0.031695355,0.1701318,0.060914252
0.07882103,-0.028463978,0.17019181,0.06357922
0.07971065,-0.031351607,0.1708762,0.062399987
0.07585895,-0.030800704,0.1689156,0.0596484
0.083378255,-0.026397478,0.16903263,0.06432253
0.083594486,-0.026285674,0.16898605,0.064357966
0.08707459,-0.026037026,0.16728356,0.06491056
0.0872909,-0.025925193,0.16723695,0.064946026
0.08123094,-0.027250517,0.16735195,0.05993517
0.08398375,-0.023657177,0.1702475,0.06442396
0.0893151,-0.013195845,0.16503747,0.06528202
0.08880678,-0.013439077,0.16276067,0.06397429
0.08733949,-0.025638852,0.16798782,0.062255476
0.090182334,-0.024580996,0.16797718,0.06308219
0.09934047,-0.015030722,0.16499554,0.06955013
0.093332544,-0.020501163,0.16699688,0.065901324
0.09807381,-0.013007837,0.16492042,0.068264395
0.09845677,-0.0128474785,0.16488637,0.06831959
0.08361627,-0.017030176,0.1731319,0.0643224
0.091382384,-0.02209701,0.16594502,0.061755795
0.09157032,-0.02199502,0.16591254,0.061784167
0.09766929,-0.017043915,0.16625252,0.066529855
0.10018748,-0.016774993,0.16525489,0.06696086
0.100502744,-0.009310055,0.16245547,0.066354245
0.102550834,-0.015027176,0.16488409,0.06732164
0.10297215,-0.014787923,0.16479066,0.06738797
0.105341986,-0.01318686,0.16436158,0.067754194
0.101852596,-0.015700761,0.16494593,0.06548403
0.10229057,-0.015440422,0.16485223,0.06562023
0.1065889,-0.0072451564,0.15929347,0.066013515
0.106784225,-0.0071769464,0.15925929,0.06603789
0.10797852,-0.0144050075,0.16366416,0.06772044
0.11157118,-0.014091316,0.16291788,0.06909521
0.10705295,-0.012815247,0.16349134,0.067023575
0.11328331,-0.008482742,0.1633339,0.06998168
0.1135124,-0.008335053,0.16332379,0.07006784
0.113480434,-0.0047017145,0.16173127,0.068806514
0.115385905,-0.010121959,0.16208196,0.07004066
0.11527419,-0.0041793915,0.1647776,0.07122183
0.12126045,-0.00047415064,0.16240464,0.07196082
0.11909747,-0.007026072,0.16127786,0.0710689
0.11791442,-0.007169764,0.16098467,0.07045546
0.11849049,-0.0068458426,0.16075855,0.0706054
0.124317795,-0.0020566578,0.16249844,0.07402307
0.12552302,-0.0056061926,0.1599327,0.07340619
0.12653229,0.0018358125,0.16227376,0.07368536
0.12222667,0.0013995996,0.16502732,0.074016854
0.13245855,0.0041473997,0.1618184,0.07533483
0.124637246,0.004405976,0.16578603,0.07515557
0.11809078,0.006981243,0.17819151,0.07179654
0.118175715,0.00407327,0.17262015,0.07285608
0.13631262,0.006928284,0.16556282,0.079024464
0.13814181,0.0044737724,0.1617035,0.07892762
0.13440126,0.00028808473,0.15989956,0.07688427
0.13459972,0.0003036341,0.16039333,0.07719037
0.13090031,4.4655637e-05,0.16067022,0.07557218
0.13441166,0.0026061577,0.16195199,0.077838615
0.13419712,0.005260904,0.16555877,0.07719509
0.12996885,-0.00023771019,0.16273564,0.075862795
0.12933369,0.0013983032,0.16329178,0.07647607
0.1330544,0.0008317275,0.16171038,0.07741386
0.12800446,-0.0012972871,0.16350155,0.075124845
0.12793492,-0.0013002971,0.16379526,0.0751991
0.12790014,-0.0013017723,0.16394219,0.07523619
0.13456346,-3.0535622e-05,0.16098702,0.07779345
0.1282674,-0.00094608904,0.16501752,0.07583268
0.1315147,0.0038838875,0.16920087,0.07686664
0.12992476,0.00043157174,0.16811328,0.077863425
0.12835154,-0.0005442308,0.16774207,0.0769019
0.12987523,0.00044136925,0.16841388,0.07795063
0.1286112,-0.0003387028,0.16814682,0.07718985
0.12887979,0.00036452024,0.17236093,0.07891598
0.12765661,-0.00036914588,0.17226624,0.07824141
0.13005887,0.0007955736,0.17435329,0.08038546
0.12767398,-5.045475e-05,0.17465112,0.07914792
0.12817359,0.0036780504,0.17796838,0.0793633
0.12442581,-0.00047522725,0.17154431,0.077526435
0.12689029,-0.0003418246,0.17597328,0.07923606
0.12579001,-0.00090106146,0.17706805,0.07902978
0.12620388,-0.0006139049,0.1773322,0.07935284
0.12470184,-0.0013248281,0.18125507,0.079766035
0.12401444,-0.001963831,0.17602298,0.07858658
0.12504898,-0.00092735083,0.18378231,0.080786005
0.12520418,0.004296985,0.18736805,0.085472345
0.123878986,0.0016606791,0.18842039,0.08047876
0.12396607,-0.0034230347,0.18029918,0.07960726
0.122560024,-0.0029284651,0.18133515,0.07948436
0.1216183,-0.002640068,0.18208951,0.07936844
0.12620468,0.000243344,0.1908738,0.08415729
0.12256119,7.079227e-05,0.19269079,0.07985446
0.12699321,0.00023548736,0.19206202,0.08529824
0.12305823,-0.004205681,0.1841332,0.080293
0.121557936,-0.00016964541,0.19497448,0.080378085
0.11894475,-0.0007616611,0.19051826,0.07868497
0.118935704,-0.0007776985,0.19070649,0.07870379
0.12040463,-0.0033278423,0.18851677,0.08004831
0.11991006,0.0005396573,0.1976244,0.08237499
0.11975239,0.002386917,0.19725832,0.08480251
0.11898427,-0.0014679985,0.19309607,0.07929203
0.11921018,-0.0020832974,0.19280468,0.079636425
0.11869849,-0.0010606045,0.19492349,0.07876313
0.11868949,-0.0010766307,0.19511172,0.07878199
0.11868043,-0.0010926494,0.19529997,0.07880086
0.12118462,-0.0054281424,0.19094786,0.08143255
0.12108366,-0.0052732783,0.19149458,0.08134897
0.11986208,-0.0034509036,0.19373587,0.08044255
0.121701464,-0.0018272692,0.20515548,0.08575164
0.117260575,0.00017357303,0.2033873,0.08403453
0.121888265,-0.0015166545,0.20573509,0.086285055
0.1176417,-0.0017575504,0.20453683,0.081752986
0.117519185,-0.002143282,0.20517117,0.081450135
0.11727762,-0.0018221171,0.2053432,0.08196661
0.12068555,-0.005988769,0.19611439,0.08219984
0.11988875,-0.0043791677,0.19803914,0.081217125
0.12055446,-0.002799179,0.20970842,0.08540781
0.121310994,-0.0015522459,0.20978269,0.087448224
0.11597966,-0.0018259765,0.20799118,0.0829602
0.11520001,-0.00011156814,0.20786987,0.08532472
0.1207055,-0.0024379562,0.21305484,0.08645682
0.12223673,-0.00059770735,0.2130988,0.09004627
0.12219538,-0.0006055379,0.2132991,0.090094686
0.120667994,-0.0025319564,0.21441564,0.086394474
0.12077966,-0.001903105,0.21539426,0.08787936
0.11954045,-0.005572747,0.2048055,0.08244443
0.11744593,-0.0021246183,0.20899983,0.08016966
0.11455946,-0.0029429006,0.21444392,0.08460815
0.11277011,1.1516968e-06,0.21405616,0.0874432
0.1148037,-0.0033100727,0.21673009,0.085655555
0.117161095,-0.0025223899,0.21273875,0.081092566
0.11072709,0.0011272734,0.21076569,0.07356389
0.111234784,0.0011251612,0.21842724,0.090198636
0.12043978,-7.171871e-05,0.22578165,0.09134345
0.11768314,-0.005277868,0.21391562,0.0829598
0.11808871,-0.00044445635,0.22562873,0.08853713
0.12045896,0.00076964183,0.22737318,0.09135723
0.118511915,-5.014555e-05,0.2267369,0.08920355
0.118480906,-2.080889e-05,0.22680742,0.08920854
0.12018323,0.000995957,0.22789648,0.0913526
0.115939274,-0.0035114954,0.21567366,0.082267955
0.11588563,-0.0034747566,0.21571606,0.08225894
0.11954187,0.0010094611,0.22848773,0.09091148
0.11950871,0.0010398222,0.22855264,0.0909159
0.11514315,-0.0032234672,0.2162205,0.0822898
0.11510979,-0.003214385,0.21628997,0.08227962
0.113198146,0.002294865,0.21654376,0.08985904
0.11387329,-0.0020722817,0.21763065,0.081642464
0.11314753,-0.001835435,0.21764624,0.081183
0.11865494,0.0012331387,0.22799328,0.09080991
0.1166323,-0.000120769604,0.22151935,0.09145971
0.1187949,0.0009139745,0.228464,0.0910328
0.11967179,0.0007418549,0.22938451,0.091271594
0.11434823,-0.0032103802,0.21813318,0.082080886
0.11417632,-0.003275204,0.21863264,0.0820473
0.114182785,-0.0039894017,0.21952301,0.08217104
0.11415994,-0.0040738205,0.21968567,0.08217949
0.120099455,0.0021636975,0.23043561,0.094071865
0.12072086,0.0024239984,0.23193604,0.095653385
0.12082301,0.0025060368,0.2322487,0.09620167
0.12091689,0.0025633578,0.23238245,0.09627117
0.12614644,0.000658278,0.22902483,0.09507993
0.11603458,-0.0024151574,0.2266345,0.08735359
0.12289421,0.003693678,0.23561797,0.100260854
0.11767696,-0.0011642607,0.22935888,0.08973795
0.123860925,0.0041837026,0.2371687,0.10200861
0.12400076,0.0042532054,0.23739237,0.10225703
0.12488334,0.004736301,0.23765185,0.10256444
0.12508094,0.0047523235,0.23863807,0.10349977
0.11985795,-0.00044190453,0.23238489,0.09325771
0.12572336,0.005048879,0.23997983,0.10495667
0.12629136,0.005379711,0.2406432,0.10580075
0.1269748,0.005910125,0.24043229,0.10595925
0.12694341,0.0056929407,0.24191177,0.107200295
0.12701134,0.005728927,0.24201813,0.10732421
0.13052194,0.010172327,0.24851009,0.11206555
0.13101645,0.010400188,0.24854088,0.111904934
0.1304039,0.010322523,0.24812508,0.11280297
0.124246374,0.002887324,0.23900029,0.10027909
0.12822992,0.0063705337,0.24396145,0.10957672
0.12457803,0.0015099464,0.23894113,0.10037863
0.12469894,0.0015607259,0.23909181,0.10053465
0.124819815,0.0016114308,0.2392425,0.10069071
0.13252562,0.011185196,0.25138196,0.11444515
0.13307844,0.011456017,0.2519059,0.11480552
0.12654203,0.0026480784,0.24221092,0.10371454
0.12709711,0.002813891,0.24287036,0.104470715
0.13087238,0.008008641,0.24629214,0.11286199
0.13638999,0.013306958,0.2571302,0.11938836
0.1311297,0.008046594,0.24744663,0.113969654
0.13026604,0.0035828021,0.24502066,0.10664028
0.13181096,0.008562964,0.24908632,0.11566976
0.13179374,0.007395242,0.24928525,0.11069897
0.13195816,0.007648472,0.2494523,0.11090037
0.14224115,0.015876625,0.25856617,0.11854775
0.14080496,0.015276608,0.2603674,0.12109925
0.13449153,0.010000628,0.25262833,0.119213834
0.14293148,0.016332533,0.26283112,0.12298025
0.13784811,0.015850093,0.2558581,0.11804584
0.13813844,0.0160065,0.25627068,0.11837602
0.14532128,0.01820707,0.26687557,0.12697068
0.1390142,0.010735651,0.25846708,0.12218699
0.13922565,0.010857155,0.2586551,0.1223211
0.13989963,0.012094167,0.2603052,0.12465197
0.14082213,0.009875548,0.2579706,0.11779162
0.14204413,0.012714212,0.26145393,0.12463698
0.14924459,0.022106115,0.2728215,0.13332193
0.1503503,0.022736419,0.27349028,0.1336667
0.14704508,0.013881159,0.26270652,0.122263834
0.1462868,0.0152005525,0.26528478,0.1274306
0.14731273,0.016399901,0.26695094,0.1294466
0.14852479,0.016905565,0.26779234,0.12978609
0.15233192,0.017677918,0.26745138,0.126606
0.15404639,0.018880446,0.26893532,0.12797312
0.1584598,0.02865303,0.28117594,0.14018686
0.15393052,0.02041927,0.27310094,0.13412029
0.15513647,0.02017213,0.27088335,0.12959498
0.15726706,0.021465927,0.2749895,0.13428031
0.15744989,0.021473955,0.27503213,0.13417895
0.15784094,0.022306312,0.27613124,0.13578822
0.16242395,0.031571213,0.28498867,0.14345413
0.16004278,0.022954367,0.27387416,0.13256623
0.16124068,0.023602698,0.2783401,0.13646683
0.16705614,0.031643827,0.2807342,0.13798662
0.16730207,0.032363266,0.2811008,0.1382066
0.16680989,0.033878602,0.2817166,0.13817097
0.16540834,0.03635608,0.28248706,0.13799192
0.16956326,0.030590598,0.28635505,0.1444745
0.17407613,0.039567772,0.29263452,0.14874859
0.17033367,0.031054053,0.2867665,0.14469649
0.17080861,0.03181655,0.28740224,0.14534558
0.17758004,0.042517405,0.29514748,0.15090364
0.17142627,0.036221344,0.2891751,0.14617847
0.173652,0.050779477,0.29041097,0.14383857
0.17330603,0.05123848,0.29130143,0.14396884
0.17342903,0.051598236,0.2914847,0.14407888
0.17355192,0.051957954,0.291668,0.14418879
0.17500608,0.054991227,0.2926683,0.1451246
0.17527305,0.05648815,0.29375046,0.14557742
0.17539601,0.056847878,0.2939338,0.14568743
0.17401852,0.048314657,0.2946109,0.14924684
0.17430805,0.04910863,0.29502034,0.14949481
0.17833073,0.06523532,0.29813462,0.14899327
0.17940554,0.07028364,0.30085868,0.15197752
0.18051536,0.06090923,0.30199203,0.16004881
0.17891958,0.060669616,0.30142632,0.15441081
0.1813602,0.0764844,0.3042038,0.15549886
0.18165028,0.06626441,0.30465743,0.15716676
0.1820456,0.06748352,0.30540234,0.15789196
0.18522128,0.07287065,0.30840144,0.16020419
0.1866591,0.0766852,0.31069133,0.16234812
0.18802008,0.08045172,0.31296444,0.16450165
0.18854704,0.0832106,0.31472597,0.1663729
0.1888125,0.08386262,0.31511328,0.1667269
0.18663912,0.08345342,0.31189033,0.16998842
0.19152671,0.08798947,0.3173529,0.16832231
0.19095126,0.089087375,0.31821498,0.1695574
0.19194926,0.1031087,0.31886807,0.1696173
0.19426022,0.0945578,0.32124314,0.17185286
0.19536716,0.09573594,0.3218143,0.17210084
0.19341573,0.10074903,0.3207981,0.17840602
0.19523998,0.10366903,0.3226593,0.17980126
0.19767566,0.11948915,0.32781908,0.17860186
0.20223215,0.113148265,0.33220527,0.1816985
0.19885363,0.12337817,0.32992256,0.1808124
0.20014511,0.12694071,0.33187473,0.18274674
0.17966451,0.119810864,0.31336492,0.1784748
0.17985344,0.120373316,0.31368998,0.17881298
0.20507221,0.12986182,0.33592334,0.19256537
0.20404641,0.14016302,0.33901402,0.19030663
0.21223816,0.13671504,0.345649,0.19386181
0.21907642,0.14038259,0.34653342,0.19730905
0.21177442,0.13979866,0.34635884,0.19542632
0.20460296,0.14396635,0.3410001,0.19272225
0.19633389,0.140295,0.33518213,0.19191171
0.19702747,0.14209725,0.33623457,0.19296496
0.1917129,0.13985398,0.3306468,0.19099008
0.20905988,0.1517755,0.3454733,0.19626921
0.20926134,0.15235803,0.34579134,0.1965897
0.21877684,0.15151985,0.3501006,0.20338342
0.21213104,0.15073207,0.34678727,0.20395567
0.21928738,0.15180816,0.3551432,0.20306888
0.22028896,0.1527932,0.35653603,0.20447707
0.22069974,0.15287763,0.35703352,0.20502499
0.21826173,0.14978231,0.35500908,0.2046463
0.21876603,0.14962755,0.35546476,0.20510045
0.21775967,0.15285006,0.3536561,0.2112069
0.21938115,0.14441489,0.35625392,0.20802985
0.21324602,0.14783399,0.35365745,0.20688848
0.22034693,0.14103343,0.35727003,0.21035844
0.2137687,0.14558835,0.35445178,0.20835404
0.2138162,0.1450116,0.3545782,0.20865859
0.21996637,0.13947882,0.3570038,0.21080594
0.21929456,0.14573146,0.3553519,0.21573244
0.21252532,0.14071055,0.35404792,0.20956554
0.21969298,0.1358967,0.35692713,0.21229301
0.21454819,0.13811335,0.35606927,0.21231185
0.21726017,0.13921835,0.3581985,0.21394934
0.22203696,0.13253711,0.35916787,0.21565251
0.21642052,0.13569541,0.35794196,0.21485995
0.21629943,0.1345722,0.3579828,0.21526547
0.21562907,0.13322113,0.35759306,0.21534117
0.22109357,0.1269523,0.35862607,0.21775149
0.21672587,0.13167661,0.3587063,0.21689092
0.22538085,0.12766835,0.3623642,0.2204911
0.21829389,0.13061346,0.36015287,0.2185962
0.22605042,0.12764128,0.3629118,0.22114004
0.21850477,0.12949632,0.36047077,0.21925975
0.22563396,0.12557827,0.36266723,0.22172107
0.2235616,0.12232037,0.36117983,0.22245786
0.22683068,0.1214419,0.36389378,0.22497308
0.22758019,0.11691329,0.36504138,0.22869639
0.22026412,0.11458728,0.36429957,0.22834966
0.23288478,0.1239285,0.36930794,0.23831327
0.22233468,0.112449065,0.3663614,0.23106195
0.22359738,0.112326294,0.3673724,0.23196988
0.22051443,0.10878712,0.36570507,0.23217775
0.22965066,0.10935562,0.36633313,0.24064738
0.22979185,0.10969164,0.36666375,0.24147274
0.2308762,0.10540859,0.36901233,0.23939522
0.23122707,0.105892345,0.36923772,0.23957016
0.22355087,0.10327285,0.36922616,0.23766737
0.2243174,0.10286591,0.36992928,0.23860617
0.2317697,0.10442395,0.36986813,0.2413221
0.22389019,0.09890388,0.37042424,0.24084294
0.23190393,0.10174954,0.37031806,0.24330027
0.23264138,0.100120254,0.3711282,0.24543644
0.232679,0.09990649,0.3711861,0.24563263
0.23219068,0.09505094,0.36937922,0.24883464
0.23328252,0.09797916,0.37192455,0.24777773
0.23334841,0.09634219,0.3721867,0.24896573
0.22622,0.08349859,0.34833357,0.22352666
0.23399557,0.09361975,0.373062,0.25170422
0.22138838,0.08285616,0.36703786,0.24991293
0.23144622,0.09002941,0.36667627,0.25656807
0.2323263,0.08871611,0.36806872,0.2589284
0.22221337,0.079056054,0.3670349,0.253629
0.22989036,0.079180494,0.36500388,0.25130373
0.2306771,0.079879925,0.36791387,0.25714985
0.22832842,0.07466971,0.36317718,0.25335822
0.21998402,0.06223884,0.34315547,0.23403983
0.21898058,0.06335097,0.35806605,0.24981551
0.21872179,0.060732145,0.3561438,0.24814355
0.21809413,0.061596293,0.36167392,0.2588917
0.21939303,0.054723356,0.35575062,0.25210753
0.23475455,0.06755535,0.36828485,0.27294415
0.2340712,0.060702797,0.36387852,0.26671824
0.23416694,0.05821295,0.3632387,0.26647383
0.23287208,0.042067517,0.36580336,0.26490527
0.22543116,0.054724738,0.3748163,0.2626856
0.21824594,0.04843881,0.36271384,0.25340456
0.21358138,0.048442602,0.36292094,0.24958949
0.21459176,0.05080343,0.36215642,0.25135082
0.22289668,0.048420176,0.3632165,0.25695306
0.21385832,0.051077295,0.36346406,0.25276577
0.21351857,0.052788936,0.364709,0.254739
0.216478,0.060993772,0.36795616,0.26114035
0.21762188,0.06357191,0.3690333,0.26315942
0.21813615,0.065283634,0.36990744,0.2645254
0.2167471,0.06387481,0.3698141,0.26350117
0.22648244,0.06694433,0.3690208,0.26747993
0.2254066,0.06905994,0.36863315,0.26793948
0.22567162,0.07842956,0.36953375,0.27211675
0.22558706,0.08929326,0.3799485,0.28255442
0.22378056,0.0885998,0.37615484,0.2801981
0.22679834,0.09112652,0.37993684,0.28416157
0.22776581,0.09548936,0.3766938,0.285261
0.21296218,0.09381436,0.3558337,0.26353583
0.23509695,0.11468597,0.37851602,0.29716143
0.23002107,0.11611952,0.37305772,0.29236054
0.23288961,0.12071058,0.37568054,0.29633582
0.22936971,0.11507343,0.37128443,0.2944548
0.22912873,0.12239046,0.37098595,0.29315516
0.22689444,0.13514356,0.35801423,0.28801608
0.23038271,0.13725908,0.3704172,0.29809687
0.22883554,0.13376673,0.3667327,0.30053145
0.23267989,0.1428542,0.37249702,0.30175743
0.24092448,0.1577373,0.36994636,0.3101411
0.22922404,0.14463055,0.3638302,0.30367112
0.2420034,0.16218187,0.3690309,0.31193727
0.23770174,0.162616,0.3762772,0.30853623
0.2406568,0.15805691,0.37825128,0.3115258
0.24230997,0.15763563,0.37916836,0.31398806
0.24154334,0.15204675,0.37905565,0.31060308
0.24173708,0.1503125,0.37925416,0.3102384
0.24898502,0.13410354,0.37324017,0.30766302
0.26141423,0.1416272,0.37549663,0.31374523
0.25490832,0.1410492,0.3869378,0.31839636
0.26007473,0.13849999,0.384135,0.31963617
0.26082718,0.14220259,0.39289892,0.32511094
0.25983542,0.13928916,0.39089912,0.32231268
0.2680248,0.14354151,0.39949924,0.33137333
0.271901,0.13635463,0.39123076,0.3251597
0.28052682,0.1258414,0.3906932,0.32046703
0.28291002,0.12804706,0.39427933,0.3244786
0.2846216,0.13090555,0.39722967,0.3282301
0.27657402,0.13254113,0.40000373,0.32999253
0.29018122,0.13455766,0.40308037,0.33480948
0.2920977,0.13435592,0.40433267,0.33579612
0.28666043,0.12777011,0.40466708,0.33414653
0.28818393,0.12737717,0.40564305,0.33502966
0.29244322,0.12949388,0.4101271,0.33975136
0.29567885,0.12787183,0.41234487,0.34123856
0.29840618,0.12887332,0.4150859,0.3440318
0.32324028,0.12027946,0.4276233,0.3532087
0.32383186,0.11819998,0.4271195,0.35287005
0.32125753,0.12199721,0.42013022,0.34943432
0.32389694,0.13032363,0.43817717,0.36579895
0.32767963,0.124482185,0.43978265,0.36579412
0.33620787,0.1148059,0.42922717,0.36232954
0.34587634,0.10736762,0.4484443,0.36627766
0.34660965,0.10698898,0.44914284,0.36671662
0.34734303,0.10661061,0.44984132,0.36715564
0.3482043,0.1241989,0.45768097,0.38270187
0.35331923,0.10489457,0.45635682,0.3712671
0.35203832,0.122583345,0.46045023,0.38484737
0.36410296,0.1226345,0.47585255,0.38458794
0.37991297,0.07929528,0.4256962,0.36935827
0.38126206,0.07946135,0.4267816,0.37068656
0.375385,0.104633175,0.45717692,0.39078304
0.3765409,0.10446096,0.45810974,0.39183187
0.3776968,0.10428876,0.4590425,0.39288062
0.3666774,0.10571231,0.46739668,0.38496602
0.3679946,0.11946726,0.47091037,0.399022
0.37193918,0.12192176,0.47100443,0.40882605
0.3712821,0.11833201,0.4686448,0.406002
0.37156945,0.118690185,0.4686567,0.4068631
0.3746047,0.12656002,0.47308058,0.4169747
0.3718335,0.106664576,0.45283374,0.39958355
0.37211293,0.10692289,0.4524091,0.4003334
0.37424386,0.12361902,0.46821153,0.41801456
0.37841636,0.11983104,0.4594256,0.41192263
0.371346,0.11982428,0.44791138,0.40932068
0.37637424,0.1213763,0.4476071,0.42343524
0.37738883,0.13032809,0.45946187,0.42694253
0.3494959,0.116633795,0.41357923,0.39379904
0.34639066,0.114477426,0.40640807,0.38829058
0.3583181,0.12949598,0.43449718,0.4161884
0.35634995,0.12968284,0.43084502,0.41511306
0.36361474,0.119257845,0.4171378,0.41140294
0.35306388,0.12968357,0.4246619,0.41287145
0.36359775,0.12455259,0.41992724,0.41901958
0.32524794,0.11521722,0.37680447,0.38062072
0.32411826,0.11383618,0.3729378,0.3777791
0.32443982,0.113752276,0.37334237,0.3779315
0.32476145,0.113668315,0.37374693,0.37808397
0.3733917,0.13699491,0.42383265,0.43321067
0.3394317,0.11806017,0.39699566,0.39145926
0.36647028,0.14161123,0.42830282,0.42672402
0.36783683,0.14238548,0.42742005,0.42650104
0.37373024,0.1451131,0.43733934,0.43357402
0.3739819,0.14530325,0.43610936,0.43290812
0.37504774,0.14582734,0.43721145,0.43378225
0.36007565,0.12897639,0.42555824,0.41194764
0.38487142,0.15076296,0.4450174,0.44046298
0.3957882,0.14499548,0.46102342,0.44867995
0.39961535,0.14554295,0.47132576,0.45232648
0.39028907,0.1351602,0.45656803,0.4389491
0.38235587,0.1332418,0.44084454,0.42621332
0.41916853,0.14432876,0.49528337,0.46686658
0.4213792,0.15693977,0.468481,0.46573713
0.43021357,0.15772492,0.47717446,0.47386357
0.41777653,0.1501974,0.48322773,0.46295068
0.43104106,0.14353102,0.503162,0.4743386
0.43124616,0.1367412,0.4786772,0.46798563
0.43581903,0.13596399,0.476013,0.468615
0.4485396,0.1466928,0.5062594,0.48306087
0.45463973,0.14794828,0.5070646,0.48602194
0.45600444,0.14808711,0.50751853,0.48675904
0.45736927,0.14822587,0.50797266,0.48749623
0.49226767,0.15079395,0.49866512,0.5039086
0.49528676,0.13371882,0.49456686,0.5053157
0.5155572,0.15135872,0.5097391,0.51760244
0.49990863,0.15605506,0.5155108,0.508587
0.5507833,0.15556732,0.51970816,0.53899884
0.57345676,0.15844493,0.526707,0.5560923
0.5484662,0.16213523,0.5254913,0.5372168
0.57825536,0.15906833,0.5280525,0.55963784
0.58318,0.16015373,0.525236,0.56104696
0.5895132,0.16087982,0.5279227,0.56621027
0.593307,0.14083302,0.52046746,0.5553477
0.5894137,0.18276504,0.51807046,0.55004877
0.5873944,0.1858732,0.51632214,0.5459131
0.5988719,0.21596177,0.5421615,0.5188873
0.59819597,0.22841994,0.5388545,0.5418016
0.6026723,0.2416957,0.54662997,0.54094887
0.6091771,0.25105587,0.5536936,0.5454371
0.60863525,0.25258407,0.5539568,0.5437727
0.6092512,0.2547643,0.55510426,0.5434545
0.58760446,0.25791702,0.54388475,0.53259027
0.60636675,0.25739735,0.5650008,0.51609087
0.60961914,0.27117878,0.5613833,0.53452903
0.61017454,0.28389403,0.57033354,0.5190326
0.6210338,0.29082164,0.5749653,0.540615
0.62530464,0.31802124,0.58382386,0.5361466
0.62983406,0.31937456,0.5875471,0.53886807
0.6312689,0.3409176,0.58491534,0.53594506
0.6194226,0.33523008,0.580039,0.5244097
0.6469943,0.43615332,0.5907613,0.5390438
0.6512584,0.5250107,0.599032,0.534352
0.62869495,0.50639194,0.6034438,0.5527709
0.6545327,0.5405588,0.6138771,0.54648745
0.6545641,0.54359573,0.6155294,0.54789305
0.6377705,0.53076273,0.61587846,0.5404591
0.6521271,0.5574372,0.6177687,0.550206
0.65307516,0.5618558,0.62202364,0.55368274
0.62544847,0.61388224,0.635069,0.5837178
0.6257851,0.61661166,0.64823353,0.5773016
0.6348564,0.6259406,0.66715336,0.5826597
0.6340082,0.6403512,0.6740083,0.58860344
0.65348583,0.6760224,0.6842614,0.60664576
0.62664276,0.6771415,0.67805374,0.6198934
0.6271673,0.6745954,0.6808196,0.62175065
0.63050944,0.7111278,0.7135101,0.62529427
0.62630904,0.7300294,0.7197107,0.6360658
0.62036127,0.7480998,0.73759395,0.6512543
0.6212835,0.7535846,0.7431883,0.6557404
0.6218204,0.75204027,0.74563515,0.65640575
0.64949816,0.72049445,0.75179005,0.64940387
0.64018744,0.67213404,0.7474956,0.645112
0.64177364,0.6692033,0.7505891,0.64582664
0.65717137,0.70522094,0.76721483,0.6550077
0.6466612,0.66149354,0.76137763,0.65124315
0.6629116,0.7074589,0.7757781,0.6673431
0.65307003,0.65030736,0.7744997,0.655725
0.6657261,0.6933461,0.7832895,0.6643269
0.650175,0.70360255,0.79255015,0.6704738
0.66669065,0.65252817,0.82031816,0.6723798
0.67375576,0.6582105,0.83224475,0.6812323
0.6988855,0.655813,0.8400795,0.6933819
0.70441765,0.63358253,0.8535906,0.70485044
0.7102992,0.6405031,0.8590054,0.71058065
0.7230344,0.67955595,0.8668644,0.72393715
0.73321366,0.687682,0.87967694,0.7389733
0.7381421,0.68595433,0.9001516,0.74211717
0.73974353,0.68872523,0.9022425,0.74409556
0.7430728,0.6962645,0.9072221,0.7487717
0.74702805,0.69175774,0.90930885,0.7499397
0.74035364,0.6646569,0.89881206,0.75260097
0.77060956,0.72454655,0.92265606,0.77843547
0.77075684,0.72571975,0.9222514,0.77615255
0.7856271,0.73668706,0.9442726,0.7922044
0.77811754,0.69145715,0.96209997,0.8161163
0.79562604,0.7456069,0.95237345,0.80247915
0.7967161,0.74670005,0.9532601,0.80363464
0.7951518,0.74785006,0.9506646,0.8075597
0.797102,0.75215507,0.9507564,0.8061943
0.8054335,0.76016307,0.95952886,0.8177521
0.8026412,0.7390738,0.9545469,0.82106817
0.81456494,0.7692046,0.96892965,0.82997626
0.8238879,0.7805053,0.9768579,0.8389908
0.82824236,0.78219855,0.9834534,0.84920484
0.8285981,0.7832928,0.9832209,0.84843826
0.83021337,0.7878597,0.98211443,0.84522206
0.8596654,0.81328976,1.0027025,0.8715888
0.86039656,0.8108635,1.000606,0.87172085
0.8682988,0.8044386,0.9911891,0.86664045
0.8679599,0.80347747,0.9895305,0.8664154
0.8698101,0.8042365,0.99091095,0.86501706
0.8700154,0.80385244,0.9902634,0.8645878
0.81660426,0.69748765,0.9688056,0.83566475
0.86519796,0.79520035,0.972365,0.8613142
0.8654099,0.7948658,0.9717199,0.8608819
0.86745226,0.7937764,0.97185856,0.8598298
0.8744969,0.7948129,0.9778424,0.8547914
0.83343554,0.7320288,0.9557118,0.84013075
0.8368572,0.747828,0.9613034,0.8243141
0.8333836,0.72848445,0.9511557,0.83704644
0.8381429,0.7466097,0.9589763,0.82376844
0.8701122,0.77255696,0.9679667,0.84574443
0.8332144,0.72776073,0.95047015,0.81716275
0.8328143,0.7254838,0.9492759,0.816416
0.82557577,0.6899897,0.9375167,0.8263648
0.82931834,0.70270705,0.9359624,0.80784154
0.82326025,0.6741617,0.9220215,0.799464
0.8207213,0.66459453,0.91782373,0.79715157
0.82223195,0.65860236,0.9119349,0.79305494
0.8214966,0.6543269,0.9096393,0.79168063
0.81558496,0.6272598,0.9014649,0.7996913
0.8107798,0.61116207,0.89823127,0.7955307
0.84343547,0.65846825,0.9141274,0.80152994
0.81296855,0.60634005,0.88419515,0.77640206
0.7853474,0.5302141,0.8734586,0.7656278
0.82773453,0.60811687,0.8885867,0.7834518
0.81816804,0.55986077,0.86700696,0.76339406
0.7965413,0.5198256,0.8398511,0.74862623
0.79578394,0.5155091,0.83758,0.74716896
0.79544634,0.5063782,0.831217,0.74218273
0.8087869,0.51808864,0.84582365,0.7472509
0.79150724,0.4902003,0.82410985,0.73843694
0.7911285,0.48804197,0.8229744,0.7377083
0.78673136,0.46597078,0.81036854,0.7290303
0.782528,0.44667813,0.80130905,0.72385037
0.7829843,0.44856706,0.8012504,0.7231949
0.78251404,0.4463834,0.80010825,0.7224653
0.7806345,0.4375377,0.7949497,0.71885544
0.7780272,0.4254935,0.7889405,0.7151869
0.7705093,0.39052007,0.7943087,0.7283405
0.7667313,0.36191973,0.7599909,0.7000911
0.76372236,0.33920768,0.75379866,0.7080612
0.7627732,0.3330633,0.7486593,0.6949857
0.76385367,0.32310885,0.73477334,0.6902636
0.7635975,0.32442668,0.73538,0.69244826
0.76337767,0.32343736,0.7335363,0.69229853
0.76999855,0.33152786,0.7372975,0.68078035
0.7626552,0.31674206,0.7236387,0.682909
0.768116,0.32708964,0.72989935,0.6757546
0.75934213,0.31319776,0.7139052,0.6756589
0.76161945,0.31895107,0.71564084,0.6640112
0.7613122,0.31847364,0.7146929,0.66320777
0.7606975,0.31751874,0.71279687,0.661601
0.757697,0.30554095,0.7006154,0.66355085
0.7535111,0.30335602,0.6991026,0.6575145
0.75024587,0.3067182,0.6954829,0.6483285
0.7554457,0.30284756,0.6942471,0.65888417
0.7550317,0.30205604,0.6926263,0.6575732
0.7533888,0.30280074,0.6920938,0.6583118
0.7522281,0.29860765,0.6838046,0.66418976
0.75200844,0.29822537,0.68301696,0.66356057
0.7532372,0.29899964,0.6861695,0.6524629
0.7501513,0.30228642,0.6813673,0.6370366
0.74567723,0.30069414,0.67983335,0.6389186
0.7519491,0.29554114,0.67961484,0.6468609
0.7501424,0.29361492,0.6748614,0.64347553
0.75147784,0.29347655,0.66907066,0.6417493
0.74856424,0.2918202,0.6644786,0.63873875
0.74914366,0.29266885,0.65644944,0.6478518
0.74781823,0.29135686,0.6531777,0.634739
0.743741,0.2981761,0.6490534,0.6275566
0.74386907,0.29843912,0.64865726,0.6276586
0.7485394,0.30303767,0.64524233,0.62720394
0.730249,0.2949163,0.6610043,0.6372652
0.74986976,0.29319176,0.6457279,0.63347065
0.75107694,0.29391864,0.6440971,0.63389814
0.751675,0.29452786,0.6436967,0.6343381
0.75435126,0.29772368,0.6426147,0.6367097
0.75628656,0.31565103,0.6338297,0.63729936
0.76168185,0.30358222,0.63959247,0.65322125
0.7636557,0.30718315,0.6491001,0.6618233
0.7671574,0.31040522,0.6477013,0.65124476
0.76617855,0.31119642,0.6520156,0.652565
0.76934165,0.31418562,0.65501153,0.6566531
0.7725402,0.3179409,0.66027826,0.66189045
0.77275103,0.3187025,0.66219574,0.66301024
0.7805988,0.32493037,0.6691545,0.6836444
0.7817987,0.34380558,0.6746901,0.67969835
0.7824639,0.3445437,0.6756868,0.68073106
0.78907144,0.33593687,0.6831861,0.68683165
0.79132015,0.33894882,0.6880246,0.69107383
0.79198384,0.33969924,0.6890297,0.69211733
0.7997872,0.34870878,0.701415,0.70466584
0.7983479,0.3621343,0.69998866,0.7059267
0.8040207,0.35149488,0.7063761,0.72183615
0.8073862,0.3550683,0.7105852,0.72636133
0.8074586,0.35640356,0.7165618,0.7314326
0.8186843,0.38476616,0.7317434,0.7388618
0.8277021,0.38086227,0.7456257,0.7495293
0.8318841,0.38515794,0.7508463,0.7555869
0.83565277,0.387908,0.7591567,0.7755381
0.83836156,0.39074975,0.7623838,0.77904445
0.841815,0.39509898,0.7625237,0.76962745
0.8407747,0.40936092,0.7604326,0.76850617
0.84499663,0.41411927,0.7653597,0.7735845
0.8500037,0.40348434,0.77286714,0.7816478
0.85111225,0.40534124,0.7760521,0.78401387
0.85294837,0.4076103,0.77940786,0.787182
0.80143994,0.4115842,0.7935129,0.81050664
0.85405034,0.40838292,0.7865657,0.80399245
0.85696596,0.41101107,0.7880244,0.80606407
0.8614589,0.41901165,0.79525906,0.80296075
0.86013657,0.43064064,0.7930668,0.8023993
0.86123914,0.43200704,0.79206187,0.8013049
0.8644846,0.4227133,0.7998917,0.8081025
0.8691221,0.42242312,0.7962335,0.81649816
0.8669713,0.44010463,0.8088507,0.8204757
0.87361246,0.42906436,0.810612,0.82994044
0.8815701,0.44142056,0.82115024,0.8342676
0.88534385,0.44777045,0.83079904,0.8429466
0.89413154,0.45702603,0.8409152,0.8559254
0.8963895,0.45676544,0.85005647,0.8718491
0.8952305,0.4595338,0.84519595,0.85931367
0.8965442,0.46195552,0.8490264,0.8626111
0.89904046,0.46488652,0.8525742,0.8666926
0.9025572,0.4641305,0.85946405,0.8823562
0.90153533,0.46781802,0.8561246,0.8707744
0.90261567,0.481248,0.8512829,0.86881864
0.9076549,0.47421148,0.8630536,0.8797449
0.90984976,0.47517708,0.8626514,0.88131183
0.9089254,0.48830503,0.86260897,0.8816755
0.9095306,0.48902655,0.8634903,0.8826892
0.91448945,0.48326632,0.8750668,0.892266
0.92039233,0.4904899,0.8737951,0.9051821
0.9233607,0.505675,0.8828701,0.9050448
0.92559415,0.5084741,0.8911199,0.91445374
0.93015146,0.50057834,0.8949189,0.9164646
0.93328637,0.5027192,0.89627904,0.91995347
0.9339021,0.5034475,0.8971706,0.9209726
0.93541354,0.5029817,0.90778345,0.9368124
0.93780166,0.50712574,0.9011237,0.92663324
0.9422605,0.5153822,0.913437,0.93702924
0.947875,0.5208328,0.9189709,0.9448308
0.9477038,0.5220464,0.9217827,0.9462857
0.9553056,0.5263796,0.9364572,0.96929175
0.95654815,0.5278428,0.9382566,0.9713274
0.9529407,0.54082006,0.92564374,0.9536848
0.9536771,0.54155767,0.92767256,0.9561671
0.9572015,0.5339654,0.93699425,0.9628178
0.9628947,0.5405294,0.9448159,0.97196853
0.9743747,0.5539083,0.96070486,0.9903948
0.9524472,0.54347074,0.94306827,0.9745062
0.95262116,0.5436554,0.94325936,0.97472006
0.95279497,0.54383975,0.9434504,0.97493404
0.9529688,0.54402435,0.9436415,0.9751481
0.94930696,0.54056406,0.9411103,0.97253853
0.9724305,0.5635336,0.95846206,0.9910022
0.9807117,0.560395,0.9671145,0.99902344
